negative,Khartoum,Sudan,Nile Basin,حليب الكويت ينباع بمصر يابقره تعال مصر بغرقك حليب يامأجور ياحافي حارقه دمكم مصر مره تهريب لقاح وهالمره حليب مصر ولله الحمد بنعمه الدور اللي باق مليارات وصارت فضائح مسخره بالعالم 
neutral,Jeddha,Saudi Arabia,Gulf,ماكوامتحانالكترونيماكولقاح ماكوامتحانالكترونيماكولقاح ماكوامتحانالكترونيماكولقاح ماكوامتحانالكترونيماكولقاح ماكوامتحانالكترونيماكولقاح ماكوامتحانالكترونيماكولقاح الكترونيلسلامةعوائل الكترونيلسلامةعوائل 
positive,Jeddha,Saudi Arabia,Gulf,ماكوامتحانالكترونيماكولقاحماكوامتحانالكترونيماكولقاحماكوامتحانالكترونيماكولقاحماكوامتحانالكترونيماكولقاحماكوامتحانالكترونيماكولقاحماكوامتحانالكترونيماكولقاحماكوامتحانالكترونيماكولقاح 
neutral,Riyadh,Saudi Arabia,Gulf,الالكترونيحقنانمتحنالكترونيمثلمدرسناالمادهالكترونينمتحنمثلمادرسناالالكترو الامتحانالالكترونيانقاذحياهالطلبهفيذروهكوروناعلىالحضورييجبروناماكوامتحانالكترونيماكولقاحانصفواطلابالجامعاتوزيرتعليميجبرطلابعلىالأمتحانالحضوري 
neutral,Jeddha,Saudi Arabia,Levant,أوروبا تعتقد احتكارا للذكاء وبالتالي ترفض الاعتراف اليوم نعد عضوا منظمة الصحة العالمية منحت منظمة الصحة العالمية 20 ملي دولار لأضع القليل السموم علاج 19 أطلب الأفارقة عدم استخدام لقاح فيروس يتبع 
negative,Riyadh,Saudi Arabia,Gulf,نطالببامتحاناتالكترونيه خليةالازمةاستجيبوالطلابالجامع ماكوامتحانالكترونيماكولقاح ماكوامتحانالكترونيماكولقاح ماكوامتحانالكترونيماكولقاح ماكوامتحانالكترونيماكولقاح ماكوامتحانالكترونيماكولقاح ماكوامتحانالكترونيماكولقاح 
neutral,Riyadh,Saudi Arabia,Gulf,تسجيل بالجامع حجز تذاكر قطار او تعديلحجز موعد مستشفىحجز موعد لقاححجز مدرسه القيادهحساب ابشرحساب بنكحساب جدارهحساب قياستعريف جوال توكلناتحديث العنو الوطنيحساب التاميناتساندتسجيل طالب بنظام نورحجز مواعيد الدوائر الحكوميةباسعار رمزية تواصل ليلهالجمعه 
neutral,Riyadh,Saudi Arabia,Gulf,98 83 يقصد اني لقاح 
positive,Jeddha,Saudi Arabia,Gulf,ماكوامتحانالكترونيماكولقاحماكوامتحانالكترونيماكولقاحماكوامتحانالكترونيماكولقاحماكوامتحانالكترونيماكولقاحماكوامتحانالكترونيماكولقاح 
positive,Jeddha,Saudi Arabia,Gulf,ماكوامتحانالكترونيماكولقاحماكوامتحانالكترونيماكولقاحماكوامتحانالكترونيماكولقاحماكوامتحانالكترونيماكولقاحماكوامتحانالكترونيماكولقاحماكوامتحانالكترونيماكولقاحماكوامتحانالكترونيماكولقاحماكوامتحانالكترونيماكولقاح 
