negative,Riyadh,Saudi Arabia,Gulf,14 لحين طلع مكتشف التقنيه يعني ماله شي مؤامره وخرابيط مشكك لقاح ماشي مشكله اذا تبي لقاح الصي التقنيه القديمه موجود مالك عذر مافيه شي تقنيه جديده اعتمد ناقل فيروسي ولقاح ثانيه موجوده مالازم تستخدمي التقنية الجديده 
neutral,Rabat,Morocco,Maghreb,دراسة واسعة النطاق تكشف مفاجأة بشأن لقاح فايزر ضد 3670 1297 
neutral,Riyadh,Saudi Arabia,Gulf,254990 ليش طيب قال عادي تاخذ لقاح نوع مختلف 
neutral,Riyadh,Saudi Arabia,Gulf,3355555 50 الله يجزاك خير انت المسألة خطأ يوجد تطعيم العالم يوفر حماية بنسبة 100 المئة وأن يقلل الاصابة ويحميك الاثار الجانبية الصعبة اللقاح يكون معدل إصابتك بالفيروس بكثير المئة ومم اللي أصيب الان اللي طعم 
negative,Riyadh,Saudi Arabia,Gulf,66 110 صحيح تطعيم تجمع الانتخاب الناس التزام يعني السببية شرايك 
neutral,Riyadh,Saudi Arabia,Gulf,الي بدها لقاح ضد المحنه تجي سناب اححححح معصيتييرحتي معصيتييرحتي معصيتيراحتي ليزب الحب طفش معصيتييرحتي معصيتيرحتي يحدثالآن فويس معصيتيرحتي معصيتيراحتي برنامجسهم67 شوقردادي 2019 القصيم معصيتيراحتي 
negative,Salt,Jordan,Levant,بخصوص اغلاق يعني لقاح اي معنى 
negative,Riyadh,Saudi Arabia,Gulf,٣٠ سنه عايش كوكب الارض ومو عارف يفرق البقدونس الكزبره الأخ خبره لقاح فايزر اكسفورد 
neutral,Riyadh,Saudi Arabia,Gulf,كاميرا ترصد نساء يضربن بعنف نادلة مطعم طلبت إثباتا بتلقي لقاح 88 
negative,Riyadh,Saudi Arabia,Gulf,المحامية دلالالملا التناقض تحرص الحكومة تطعيم مخالفي قان الاقامة وتمتنع تطعيم البد 75 
neutral,Salt,Jordan,Levant,وزن يدي حال لقاح امس 254 
negative,Jeddha,Saudi Arabia,Levant,ألان الان الان الانتسجيل لقاح كور اول جرعهثا جرعه ثالث جرعهالغاء مخالف مرورتجديد اقامة كرت عمل بلاغ هروب الغاء هروبقروض العاطل واالموضف تصفير زكاةللتواصل خاص واتساب التغريدة الأول 
negative,Salt,Jordan,Levant,لقاح 
positive,Riyadh,Saudi Arabia,Gulf,انت البركة بيك اختر لقاح شئ 
negative,Riyadh,Saudi Arabia,Gulf,تعالي خاص حياتي لوجاده القحك لقاح اسمرا روعه 
neutral,Riyadh,Saudi Arabia,Gulf,الوفدسوهاج صحة سوهاج تجاوز تطعيم نصف ملي مواطن ضد فيروس المستجد 904 
neutral,Riyadh,Saudi Arabia,Gulf,الغذاء والدواء السعودية توافق تسجيل لقاحمودير 019 
neutral,Jeddha,Saudi Arabia,Gulf,مصدر ملاحى يكشف تفاصيل وصول شحنة لقاح جونس أند جونسون397 747 
neutral,Jeddha,Saudi Arabia,Levant,أفيدونى فتح السفر المملكة العربية السعودية تطعيم بالمملكة وتطعيم بالقاهرة تم فتح السفر مباشر 
negative,Salt,Jordan,Levant,وضوح لقاح مامنه فائدة والمصيبة الأكبر عم يقول ممكن يخل اللقاح سنة السلال الجديدة اللي عم تطلع بالأصح عم يطلعو طبعا اللقاح مو إجباري قول مافيك تعمل شي يعني عم يضحك عالناس 
negative,Riyadh,Saudi Arabia,Gulf,المفروض يتم حضر السفر وايضا حضر وصول القادمي او فحص تطعيم وحجر صحي فنادق لمدة 14 يوم المعاملة بالمثل خصوصا فترة طغوا طلاب الجامع المبتعث بحجز اسبوع فنادق باسعار فاقت 2000 ريال عما التذاكر والفحص والتام وقيود تعجيزية مصير الان 
negative,Riyadh,Saudi Arabia,Gulf,687 لاتصرف كيسك تتفشل يامعره تطعيم كامل ماوصل ربع سكان العالم الاغلب رافض ادعي تشفى بس685 
negative,Riyadh,Saudi Arabia,Gulf,اديك لقاح 
positive,Riyadh,Saudi Arabia,Gulf,تطوعت بمركز لقاح واحس الوطنية 
neutral,Salt,Jordan,Levant,برنامجسهم54 حجوز عمرة يوم يناسب الصلاة بالمسجد الحرام الصلواتالصلاة الروضة الشريفه الاوق الأسعار المناسبة مكه مكهال حجزعمره لقاح محصن اعتمر عمرة صلاه المسجدالحرام مكةالمكرمة 
negative,Riyadh,Saudi Arabia,Gulf,45 روح صحتي بعد الخدم لقاح اضغط وصور الشاشه 142 
negative,Riyadh,Saudi Arabia,Gulf,252871 يريد يسافر لازم عده كارت لقاح ويك ملقح للأسف يصير بيج كلامج ومتگدر تسافر 
negative,Riyadh,Saudi Arabia,Gulf,المقول تنتشر المتردد لقاح كوفيد ١٩ أريد الإصابة بكوفيد١٩ اللقاحمن المستحيل علم الإصابة بكوفيد ١٩ اللقاح المستخدمة المملكة يحتوي قطعة فيروس الحقيقي 
negative,Riyadh,Saudi Arabia,Gulf,تطعيم شلل الأطفال ماكو ماطعم 
negative,Riyadh,Saudi Arabia,Gulf,كتبغي تصدع راسك تجاووب واحد فئة راس عامر بلمؤامر باغي يقتلو يتجسسو اشنو كيحط فلمرحاض فاش كيمرض كيشري دوا مكيقولش راه شي حاجة وغلبية ادوية مستووردة مكيسوولوش فين تصنع باش مصاووبة مهم يتشفى تجيه لقاح يقوليك دولة بغات تحكم بلقاح 
neutral,Riyadh,Saudi Arabia,Gulf,1423 المستشفى السعودي الألما لقاح فايزر مجا ولآ أعلم مخصص حاليآ للأعمار 12 18 سنة أكبر 18 سنة معآ تأكدي بالإتصال 
neutral,Riyadh,Saudi Arabia,Gulf,2035 123 75 باخذ موعد تطعيم الح بسبت 
neutral,Riyadh,Saudi Arabia,Gulf,937 ممكن احد يرد وين احصل لقاح اكسفورد فالرياض 
neutral,Riyadh,Saudi Arabia,Gulf,الغذاء والدواء توافق تسجيل لقاح موديرنا78 
negative,Riyadh,Saudi Arabia,Gulf,6978 39 24 يخرب بيوت الناس علش لقاحالله المستع 
neutral,Riyadh,Saudi Arabia,Gulf,اتحاد القدم بشأن اللاعب الأجانب المشارك منتخبات يخضع اللاعب للحجر المؤسسي أما سكن بأستثناء حصل جرعتي لقاح داخل المملكة الجزيرة 
neutral,Jeddha,Saudi Arabia,Levant,أخبار لقاح فيروس خمسة عوامل نفسية تجعل البعض يتردد الحصول عليه1 
negative,Riyadh,Saudi Arabia,Gulf,99 أخذت تطعيم الجدري 
neutral,Riyadh,Saudi Arabia,Gulf,خدماتناحجز عمرهحجز تذاكر قطارحجز موعد مستشفىحجز لقاححجز مدرسه القيادهحساب ابشرحساب بنكحساب جدارهحساب قياسسيره ذاتيهاصدار صك وكالهتحديث العنو الوطنيحساب التاميناتساندتسجيل طالب بنظام نورحجز مواعيد الدوائر الحكومية 0503471745اليومالعالميللتصوير 
negative,Riyadh,Saudi Arabia,Gulf,سلام ماخذ لقاح جرعه لاولى ومرت ١٤ وطلع محصن مفروض يطلع جرعه اولى 
negative,Riyadh,Saudi Arabia,Gulf,82 517 50 اذا صارت موظفه يقطع رزق لقاح واذا بتسافر لازم لقاح 
neutral,Riyadh,Saudi Arabia,Gulf,يأمل الكثير خبير فرنسي يكشف معلومة صادمة موعد إنتاج لقاح 445 54 
neutral,Riyadh,Saudi Arabia,Gulf,زوجتي زياره موجودة معى فى السعودية والزياره تنتهى 22 10 2021 حجزت تذكره عوده الى مصر بتاريخ 20102021 تكون حصلت جرع لقاح تتم الصعود الى الطائرة ضرورى اخذ الجرع علما انها زياره 
neutral,Jeddha,Saudi Arabia,Gulf,محافظ البحر الأحمر تطعيم ٢٠ العامل بالسياحة ضد 
neutral,Riyadh,Saudi Arabia,Gulf,تطبيق توكل يمكن إلغاء الموعد تطعيم لقاح الجرعة الأولى تحديد السبب يمكن إلغاء الجرعة الثانية يمكن إعادة جدولتهاالمدينةالمنورة 204 
neutral,Salt,Jordan,Levant,بدءا اليوم الأحد تم احتساب غياب الطلاب والطالب أعمار 12 عاما يحصل جرع لقاح واعتبار متغيب استكمال جرع تحصين 24 44 
negative,Riyadh,Saudi Arabia,Gulf,234 صارت باستا مو لقاح 
negative,Riyadh,Saudi Arabia,Gulf,الشعوب العالمية ملت قيود واحتراز كرو فائدة ضياع اموال كتيرة لقاح تحمي الشعوب تكون حلا جدر ونهائ لكرو 
negative,Salt,Jordan,Levant,وين ابقى لقاح فايزر المدينه 
neutral,Riyadh,Saudi Arabia,Gulf,خدماتالكترونيةه نقدم خدم إلكترونية فيالتسجيل ساندحجز موعد الاحوال المدنيهحجز موعد قياس التسجيل الضم الاجتماعيحجز موعد لقاح كورونافتح حساب البنوكالحجز اعتمرناوغير الخدم 
negative,Riyadh,Saudi Arabia,Gulf,الناس رفضت التطعيم حصل لقاح إنفلونزا الخنازير وقف اللقاح وخلص 
neutral,Amman,Syria,Levant,إدارة الغذاء والدواء الأميركية تجيز إعطاء جرعة معززة لقاح فايزر لكبار السن والمعرض لمخاطر صحية عالية 
neutral,Riyadh,Saudi Arabia,Gulf,الصحة الدفعة الثانية لقاح جونس تخرج المصنع وتصل مصر 48 43 
negative,Salt,Jordan,Levant,وفاة أرد داخل مركز التطعيم تلقيه الجرعة الثانية لقاح أسترازينيكا 
negative,Jeddha,Saudi Arabia,Gulf,ماحدث صدفه ام تعمد مازالت خلا الارهاب تعشش اهم وزار مصر الصحه والتعليم مصر فتح تحقيق عاجل العثور كمي كبيرة لقاح الشارع بواسطة 62540 
neutral,Riyadh,Saudi Arabia,Gulf,45000000 جرعة لقاح كوفيد19 تم إعطائ عبر 587 موقع للتطعيم كافة مناطق المملكة 
neutral,Jeddha,Saudi Arabia,Gulf,من الخاص السلام عليكملو سمحت أسال متابعينك وين أحصل لقاح سترزينكا 
neutral,Riyadh,Saudi Arabia,Gulf,كلف لقراءت بجد وصدق استهزاء فيجد الشفاء فايروس لقاح دواءالإمام المهدي ناصر محمد اليماني19 محرم 1443 ه27 08 2021 م1124 صباحا5111منشاكوروناوسرهالمكن 
neutral,Riyadh,Saudi Arabia,Gulf,816 روح لاقرب مركز يعطي اللقاح وتاخذه اما انك تحدد جنسيه وتقول مال لقاح ماهي بالسعوديه ممكن تحصل بدول ثانيه 
neutral,Riyadh,Saudi Arabia,Gulf,ستعتمد كندا لقاح للأطفال سن ال 12 عاما الصحةتجيب 53 
negative,Salt,Saudi Arabia,Gulf,شوف هاي العقلي التعبانه بابه منظمة الصحة العالمية اعتمدت اللقاح الايرا ضد وصارت حال حال الدول العظمى اللي انتجت لقاح امريكا وبريطان وروس والصينوانتي حضرتچ ومجموعة توافه تويتر ملته حچت اير وگالت ايرانشنو هالشعور بالنقص 
neutral,Riyadh,Saudi Arabia,Gulf,اول استلمت الشغل دخلونى فى تطعيم الشعب اجمع 6722 
negative,Riyadh,Saudi Arabia,Gulf,طيب يا اخ عبدالمجيد الوصول شهادة تطعيم 
negative,Riyadh,Saudi Arabia,Gulf,937 09 انا اخذت الجرعة الثانية لقاح استرازنكا ٢١ يوم الجرعة الاولى اردت ادراج اللقاح بوابة إعتماد اللقاح خارج المملكة خطأ يظهر انه يمكن تكون الجرعة الثانية غضون ٢٨ يوم الجرعة الاولى اين الخلل 
negative,Riyadh,Saudi Arabia,Gulf,ياخوفي يكون تهكير للجوال او تطعيم 
positive,Riyadh,Saudi Arabia,Gulf,49 تحديدموعدلتطعيمالمسافرينلقاحجونسونهوالحلتقديمموعدالجرعةالثانيةاسترازنيكاجرعةمنشطةللقاحساينوفارمشهادةتطعيموزارةالصحةالمصريةوزارةالهجرةالمصريةمجلسالوزراءالمصري 
neutral,Salt,Jordan,Levant,بالفيديو جرعتي لقاحعوض عبدالله يصاب بكورو 85 744 
neutral,Riyadh,Saudi Arabia,Gulf,6897 انا مقيم السعوديه واخدت جرعة لقاح فيزر وانا حال مصر وميعاد الجرعه التانيه توكل يوم 10112021 وانا حال مصر متاح لقاح استرازينيكا اخد الرجعه مصر علش ارجع السعوديه ايه الحل افيدو أفاد الله 
negative,Salt,Jordan,Levant,لقاحكورو 
neutral,Riyadh,Saudi Arabia,Gulf,الشروقبين الإسكندرية الصحة أنهي قوائم انتظار لقاح 15 محافظة3الصحة 2430 
negative,Riyadh,Saudi Arabia,Gulf,899 لقاح بتعمل مشاكل الدورة الدموية الي اعرف خدوا اللقاح اتضرر 
neutral,Khartoum,Sudan,Nile Basin,حقيقة وفاة طالبة تلقي لقاح 32 
negative,Riyadh,Saudi Arabia,Gulf,قول نريد إدخال الجوال ماتبرر تبرير غبي المدارس مربوطه بتوكل طالب لدرجة يحجز للطلاب تطعيم علم الطلاب يمكن ماتدري هالشي 
neutral,Salt,Jordan,Levant,وزارة الرياضة السعودية تعلن السماح بحضور الجمهور الملاعب والمنشآت الرياضية بكامل طاقت الاستيعابية ابتداء اليوم الأحد باشتراط الحصول جرع لقاح 249 
negative,Riyadh,Saudi Arabia,Gulf,اخدت لقاح اي سينوفاك 
negative,Riyadh,Saudi Arabia,Gulf,96 انا مأخذ لقاح إصابة كانت قويه كسرت هدت حيلي ثاني أصابه خفيفه حسيت بيها 
neutral,Khartoum,Sudan,Nile Basin,حضورلقاح كرو الجرعه الآولى لقاح كرو الجرعه الآولى لقاح كرو الجرعه الآولى فحص كرو حضورفحص كرو متاح للسفر تقرير طبي كرو للسفر87 فيصلالعتيبيمبتز 
neutral,Riyadh,Saudi Arabia,Gulf,تلقى لقاح وأصيب بالفيروس يلزمه حجر صحي الصحة توضح 790 
negative,Salt,Jordan,Levant,لقاح اي يجماعه دا دا انا بموت 
neutral,Khartoum,Sudan,Nile Basin,حقيقة استخدام الحجامة استخراج لقاح التفاصيل التفاصيل 91سعودينيوز وظايف اخبار وظايفشاغره 
negative,Riyadh,Saudi Arabia,Gulf,72 والله فشله وممنوع الكويتي يدخل المجمع وسين تطعيم 
negative,Jeddha,Saudi Arabia,Gulf,منبهرين راح شاف الجليبمرو الفروانيهاحد قال ألق نظره تطعيم الوفره والعبدليقال منبهرينوالتطعيم إجباريالظاهر مرو مرور الكرام الصحه العالميه مدري ليه تذكرت رمض السكري 
negative,Jeddha,Saudi Arabia,Gulf,ميعاد لقاح بتاعي بكره مقلق منولاعيبة الاهلي 
negative,Salt,Jordan,Levant,وياسر الشهرا وينه لقاح ضد الاصابه 
negative,Riyadh,Saudi Arabia,Gulf,اصعب تطعيم 
neutral,Riyadh,Saudi Arabia,Gulf,اسعارالجامعاتالاهليهعند كون محصن تطبيق توكل كون ملقح لقاح الانجاز ٢٤ ساعه باذن الله 
negative,Salt,Jordan,Levant,بقى شي لعبو البحر لوثوه السمك تسمم الخضرو صارت مهرمنه ومرشوشه مبيد الحيوان محقونه هرمون واعلاف المويه ملوثه فلورايد وصامل وجايب لقاح فعال القضاء تبقى وال لحوم بلاستيك 
neutral,Riyadh,Saudi Arabia,Gulf,اذا احد عندو فكرة ايش نوع اللقاح مركز لقاح الاستاذ الأمير عبد الله الفيصل ياريت يبلغ 
negative,Riyadh,Saudi Arabia,Gulf,اي واضح تطعيم ميلاديتك انك زومبي 
negative,Riyadh,Saudi Arabia,Gulf,خطورة المتحور دلتا وفعالية لقاح كوفيد 19 
neutral,Riyadh,Saudi Arabia,Gulf,658 ممنوع تطعيم يحن سن ١٨ 
negative,Riyadh,Saudi Arabia,Gulf,تطعيم ايه الي كليه انا بخاف الحقن 
negative,Riyadh,Saudi Arabia,Gulf,اللي عمله اللقاح انه زود مناعتك لمتحور قديم انتهي العالم وقلل مناعتك لاي تحور جديد او قادم اكتر ناس لازم تأخد حذر حال حد واخد لقاح لان مناعته ضعيفه المتحور الجديدة ورب يحمي الجميع 
neutral,Riyadh,Saudi Arabia,Gulf,تم إعطاء لقاح فايروس السعودية49 
negative,Riyadh,Saudi Arabia,Gulf,صحيحعلى ذمة الرئيس الخرف ٣٥٠ ملي أميركي تلق لقاح المدعو برغم عدد سكان أميركا ٣٢٨ مليونمسرحياتكورونية 16 
negative,Riyadh,Saudi Arabia,Gulf,ياباشا احنا واخد اصلا لقاح استرازينيكا 93 
neutral,Riyadh,Saudi Arabia,Gulf,915 92946954 04 تصدق اني اصول واجول مكان لقاح شوية ذكاء 
negative,Riyadh,Saudi Arabia,Gulf,56 ده ردي كلامك التقنية دي سبق استخدام لقاح انفلونزا الكلام ده غلط كانت مجرد دراس تصل لمرحلة الترخيصالترخيص بيتاخد المرحلة الثالثة التجارب الإكلينيكية فرق دوا مرخص ودوا قيد الدراسةوحواري معاك انتهى لحد هنانقطة 
neutral,Riyadh,Saudi Arabia,Gulf,الصحة تنفي وجود نقص جرع لقاح كورونا2 
neutral,Riyadh,Saudi Arabia,Gulf,قام بصناعه الفايروس الجينيه اللتي تتفرع وضع لقاح جيني يحمي الج و2 علما لايصيب الفصيله 
negative,Riyadh,Saudi Arabia,Gulf,08138077 066 اي جريمة لقاح الجدري فاشل وسبب ظهور امراض اخرى مر التاريخ انتشار سوء التغذية 
positive,Jeddha,Saudi Arabia,Gulf,ماكوامتحانالكترونيماكولقاحماكوامتحانالكترونيماكولقاحماكوامتحانالكترونيماكولقاحماكوامتحانالكترونيماكولقاحماكوامتحانالكترونيماكولقاحماكوامتحانالكترونيماكولقاحماكوامتحانالكترونيماكولقاحماكوامتحانالكترونيماكولقاح 
neutral,Salt,Jordan,Levant,باحث السمنة تجعل لقاح كوفيد 19 فعال 19 
neutral,Riyadh,Saudi Arabia,Gulf,الا إسرائيل لانه اوائل الدول الي خذت اللقاح الح يوم تناقص الاعداد رجعو للحياة الطبيعية هني صدق مستوى اللقاح لان كانو السابق اللقاح اول الي بيحصل اذا الكل تها الاجراء لانه لقاح فعال الان 
negative,Riyadh,Saudi Arabia,Gulf,74 اللي يدهن هالل مايحتاج يأخذ لقاح 
neutral,Riyadh,Saudi Arabia,Gulf,الصحة العالمية تبدأ المرحلة الختامية لدراسة لقاح سبوتنيك 50 13 
negative,Riyadh,Saudi Arabia,Gulf,الحكومة دراسة ملف لفتح المطار جيداالفتح يكون تطعيم الأقل 50 الشعب الجزائري بلقاح كوفيد19 النتيجة لقرار الغير مدروسة 
neutral,Riyadh,Saudi Arabia,Gulf,سأل الفنان مهرج الجونة هتعمل للسين المصرية لقاح يحمي حاجة هتدو لقاح لإيه شوف إجابات إنرجيفيمهرجانالجونة مهرجانالجونةالسينمائي 2488 
positive,Riyadh,Saudi Arabia,Gulf,90 هههههههههههههههههه اخترت يودي اخوي المتزوج لموعد لقاح للح اللي فضى انا اللي رحت حب تملك 
neutral,Salt,Jordan,Levant,بوابةالوفد فيديو مكافحة لقاح يتعارض تطعيم الإنفلونزا8 92 
positive,Riyadh,Saudi Arabia,Gulf,قرار موفق التعلم للابتدائي ناجح الاستمرار وجود لقاح آمن 
neutral,Riyadh,Saudi Arabia,Gulf,السلام ورحمة الله وبركاتهرفعت صور اخذ الجرعة الاولى والثانية لقاح استرازنيكا يوم 292021 تتغير الحالة توكل الان 
negative,Riyadh,Saudi Arabia,Gulf,كنت امشي بالسيكل قريب الحاره يعني رياضه وحاط سماعه الموضوع وقف راعي مارسيدس بهالوقت يقول ابغى مركز لقاح الح وين 
negative,Riyadh,Saudi Arabia,Gulf,الكيلة تجاوز ملي جرعة تطعيم ضد فيروس 
negative,Jeddha,Saudi Arabia,Levant,ألان الان الان الانتسجيل لقاح كور اول جرعهثا جرعه ثالث جرعهمطلوب صورة البطاقة ورقم جوالكمنح ارضي الغاء مخالف مرورتجديد اقامة كرت عمل بلاغ هروب الغاء هروبقروض العاطل واالموضف تصفير زكاة08 
negative,Jeddha,Saudi Arabia,Levant,ألان الان الان الانتسجيل لقاح كور اول جرعهثا جرعه ثالث جرعهمطلوب صورة البطاقة ورقم جوالكمنح ارضي الغاء مخالف مرورتجديد اقامة كرت عمل بلاغ هروب الغاء هروبقروض العاطل واالموضف تصفير زكاة08 
negative,Riyadh,Saudi Arabia,Gulf,تشاهد ميسي بقميص قميصه برشلونة حتما ستشعر شيء خطأ نتذكر الكم الهائل الأخطاء العالم آخر سنو سيك الخطأ طبيعي وبسيط للغاية افتقد الأيام الخوالي هموم لقاح فايروس او حروب غريبة 
negative,Salt,Jordan,Levant,لقاح كرو دور برد 
neutral,Riyadh,Saudi Arabia,Gulf,82 مرحبا للاستفسار بخصوص الحصول لقاح فضلا التواصل وزارة الصحة نتشرف بخدمت 
neutral,Salt,Jordan,Levant,وصول ملي جرعة لقاح فايزر إلىأسترال 410 
neutral,Riyadh,Saudi Arabia,Gulf,تعليممحايلعسيرمكتبالتعليمبقناوزارةالتعليملقاحكورو 
negative,Riyadh,Saudi Arabia,Gulf,سمحت انا رافع طلب تحص خارج المملكه بقالى ايام يتم التغير الى محصن تطعيم جانسن 
neutral,Jeddha,Saudi Arabia,Gulf,مرحبا عزيزتي للاستفسار بخصوص الحصول لقاح فضلا التواصل وزارة الصحة الرقم 937 نتشرف بخدمت 
positive,Jeddha,Saudi Arabia,Gulf,معا نطمئن سجل واحصل لقاحكورو فى اليوم 70 
negative,Riyadh,Saudi Arabia,Gulf,انا اخذت شي لقاح 
positive,Salt,Jordan,Levant,لقاح العافية 
neutral,Riyadh,Saudi Arabia,Gulf,المتوقع تقوم ال يوم او ثلاثة بتعديل تصاريح الاستخدام الطارئ للقاح للسماح بأخذ جرعة ثالثة لقاح فيروسكورو الأشخاص يعان نقص المناعةبعض الباحث يعارض التوجه مرور كاف لرؤية نتائج الجرع بشكل واضح 739 
negative,Riyadh,Saudi Arabia,Gulf,يادكتور لقاح يؤثر الجسم لاني اليوم أخذت الجرعه الثانيه ورحت أمشي صلاة العشاء ماكملت ٢٠دقيقه تعب جسمي وأحس بألم بالجسم ودوخه مصخن 
negative,Salt,Jordan,Levant,بيخلص الشهر الدورة للح جتني يلعنابوه لقاح 
negative,Riyadh,Saudi Arabia,Gulf,7577 عجيب الربطا تكلمت الموت الموت يرده شيء الي متحسف ناس ماتت بقلك يومه مام لانه مااخذ اللقاحعلى الي الحرب واستشهد نقول انه قعد ببيته مايموت الا بيموت فراشه لانه يومها ماقلت تاخذ بالأسباب قلت جت ياعة موتك مايرد لقاح 
neutral,Riyadh,Saudi Arabia,Gulf,السلام يعطي العافيه انا اخذت جرعه أكسفورد استر ازنيكاء ولح متوفر لقاح جونس اند جونس يوجد بختلاف الجرع مشاكل صحيه 
negative,Riyadh,Saudi Arabia,Gulf,اللعنه اثيوبيوغلاق تضييق اجبار فصل عملولقاح اثن وثلاثهوخلط لقاحاتو متحوراتوكل متحور بلقاحثغار كبار حريم رجالمريض صحيحجلط امراض دمنزيفاجهاضاتوفي يابن الكلبواخر شي ممكن نتعايش لقاحاتيامال السرط االي يلعب عيالك اهلك جيرانك وكلبك 
neutral,Jeddha,Saudi Arabia,Gulf,مصطلح جديد يطلق يلتقط سيلفي تلقيه لقاح 71 6745 
neutral,Riyadh,Saudi Arabia,Gulf,تطعيم 41 ألف شخص يوم الجمعة 717 
negative,Aleppo,Syria,Levant,عشان لقاح 
negative,Riyadh,Saudi Arabia,Gulf,انا اشوف اننا محتاج لقاح حق الناس الملاقيف 
negative,Salt,Jordan,Levant,واصل درجة عالية الدهاء والخباثة رابط موضوع الجلط التلقي7 حبوب منع الحمل لتبرئة لقاح الخلود وتنزيهه السوءوكأنحبوب منع الحمل سبب الجلطةساذج أحمق تنطلي الخدعة السمجة 
negative,Riyadh,Saudi Arabia,Gulf,كنت بتناقش واحد شويه معتقد اعتقاد تام لقاح الدوله عملته اجباري للطلبه علش يخصي يتجوزو ميخلفوش 
negative,Riyadh,Saudi Arabia,Gulf,الله يجزا خيرررر هالخبر طيب الح المرافق الي معاي مايصير ياخذ تطعيم لانه يعا مرض السرط يصير يفحص قبل بيوم ويجيب معاه ورقه النتيجه 
positive,Salt,Jordan,Levant,لقاح جونس اند جونس صناعه اسريٴلیه100 تعلن تفتخر الجزايٴر انها هبه امریکیه ههههههههههههههههه 426 
negative,Riyadh,Saudi Arabia,Gulf,يلعن ابوه لقاح 
neutral,Riyadh,Saudi Arabia,Gulf,الانخفاض المذهل لكوفيد يعزى فضل الله الىالمرونة يوفر فحص استخدام لقاح فعالة تمنع الاصابة تزامن يعني السببية ارتفاع الحال التطعيم تزامن يعني السببية الانخفاض التطعيم يوجد وباء نبي نخرج التح السيطرة 
neutral,Riyadh,Saudi Arabia,Gulf,نائب وزير التعليم المكلف دسعد آل فهيد يلتقي مديري التعليم لمتابعة آخر الاستعداد للعام الدراسي الجديد والتقارير الدورية للتجهيز المدرسية والجهود المبذولة لتحص طلبة المرحل المتوسطة والثانوية ومنسوبي التعليم بجرع لقاح 01 
negative,Salt,Jordan,Levant,لقاح حديد دخلو بكتفي 
neutral,Riyadh,Saudi Arabia,Gulf,الفئة لجنة بريطانية توصي بجرعة ثالثة لقاح 8759 
neutral,Riyadh,Saudi Arabia,Gulf,استقبل الان لقاح حضور الجرعه الاولى انجاز يومي ارسل وازهلصوره البطاقه رقم الجوال المسجل بابشرالتواصل689 
neutral,Jeddha,Saudi Arabia,Gulf,فيتو مستشار الرئيس تلقي لقاح شرط ذهاب الموظف عمله071 
negative,Riyadh,Saudi Arabia,Gulf,يتم إطلاقه الا وجود لقاح لجني الاموال 
negative,Riyadh,Saudi Arabia,Gulf,تقارير صادمة يريد اخذ المزيد جرع لقاح قاتلة ضد مرض قاتل 845 
negative,Riyadh,Saudi Arabia,Gulf,1095 المصل دا مرخص مواد خطره التغير الجي الوراثي اصرار الحكوم شعوب باخذ لقاح تجريبي جيني بحد علامة استفهام خصوصا الوصول للمناعة المجتمعية 
neutral,Riyadh,Saudi Arabia,Gulf,تصنيع لقاح فايزر المضادة لفيروس السعوديةالمملكة أبرمت اتفاقا الشركة لبناء مصانع أراضيهاوزير الصحة السعودي توفيق الربيعة المتوقع تصل المبيع العالمية أدوية التقنية الحيوية يقارب 315 مليار دولار العام 
neutral,Khartoum,Sudan,Nile Basin,حذف مركز السيطرة الأمراض آلاف الوفي لقاح كوفيد 640 
neutral,Riyadh,Saudi Arabia,Gulf,02846828 مخترع تقنية ال المستخدمه لقاح فايزر ومودرناعالم معروفهو اخترع اللقاح مخترع التقنيه المستخدمه ويعرف مضاعفات الجينيهادخل حسابه وخذ جوله 6042 
negative,Khartoum,Sudan,Nile Basin,حد يعرف حد وحدة تطعيم العجمي 
negative,Riyadh,Saudi Arabia,Gulf,نكملك بات لاقط بانن اعراض مشى بز لقاحتطعيمه مرض المستشفى توا ال1200 بتموت نا زعلانه حالت حال عمي محمدخطر شوف مصايب ربي يلهمك الصبر والسلو 
negative,Salt,Jordan,Levant,والله قرفتو بالكورو وباللقاح الفاشل زرعت الخوف والرعب قلوب الناس توزع لقاح فاشل وسام 60 
neutral,Riyadh,Saudi Arabia,Gulf,الحل ميك كثير فرض لأنو مارح ياخدو جزء اكبر شعوب حل بكون مصداقية اكثر موضوع لقاح ينحكي بشكل توعية اعلام اكبر 
neutral,Riyadh,Saudi Arabia,Gulf,الجزائر تقوم بإرسال 200 ألف جرعة لقاح الى تونسالجزائر ترسل 80 مكثف أكسج الى تونسمساحاتاونلا 987 
neutral,Riyadh,Saudi Arabia,Gulf,38 سمحت حجز العمره لقاح واحد محصن لازم يكون اللقاح 
neutral,Salt,Jordan,Levant,رغم اخذه جرعتي لقاح فايزر ادخال السيناتور الجمهوري جلين طومس الى مستشفى والتر ريد اثر مضاعف فايروس 
positive,Riyadh,Saudi Arabia,Gulf,النصر حجوز عمرة يوم يناسب الصلاة بالمسجد الحرام الصلواتالصلاة الروضة الشريفه الاوق الأسعار المناسبة مكه مكهال حجزعمره لقاح محصن اعتمر عمرة صلاه المسجدالحرام مكةالمكرمة 
neutral,Riyadh,Saudi Arabia,Gulf,2307 اللي عندة بياخد شهادة انة مينفعش ياخد لقاح الا الاقل ونص 
negative,Salt,Jordan,Levant,ليش نزاهة صرحت باسماء المتورط بقضا فساد مركز لقاح وتعديل حال التحص تصرح بأسماء الضباط ورجال الاعمال والمسؤول قضا الفساد السابقة 
neutral,Riyadh,Saudi Arabia,Gulf,124271 مشاور بالوزارة واختلاف بشأن عودت لقاح ودخول فصل الشتاء ربما يستمر 
negative,Riyadh,Saudi Arabia,Gulf,75 فض فوك علم هالدكاتره اللي يبربر عايش بواقع يشوف تأثير لقاح 
negative,Salt,Jordan,Levant,واتهندم اتشيك اخذ لقاح رسولي الفاضي 
neutral,Riyadh,Saudi Arabia,Gulf,937 السلام عليكم اخد الجرعة الثانية لقاح كرو بتاريخ 1442122الموافق 2021712وإلى تظهر النتيجة تطبيق توكل علما تم اخذ الجرعة بقسم الشؤ الطبية الخاص بالعمل 
negative,Riyadh,Saudi Arabia,Gulf,2035 لقاح كارو حضورالجرعه الاولهالجرعه الثانيه شغال صباحشغال مساء36 
neutral,Salt,Jordan,Levant,لقاح فايزر امن وفعال للاعمار ٥١١ سنةبس الحصول الموافق وحيصير ينطي لهاي الفئة العمرية 53 
negative,Riyadh,Saudi Arabia,Gulf,اما لقاح حق تغيب 
neutral,Amman,Syria,Levant,إير نيوزيلندا تعتزم طرح سياسة سفر الحصول لقاحالبيانالقارئدائ 
neutral,Riyadh,Saudi Arabia,Gulf,الردفكاريزما49 استقبل الان لقاح كارو جرعه ثانيه لقاح كارو جرعه ثانيه لقاح كارو جرعه ثانيه لقاح كارو جرعه اولى لقاح كارو جرعه اولى لقاح كارو جرعه اولى 
neutral,Riyadh,Saudi Arabia,Gulf,الحمدالله أهلي حصل حجز مواعيد لقاح الا انا واضح ربي مش كاتب ليا انه اللقاح 
neutral,Salt,Jordan,Levant,لقاح حقيقة نسبة الفعالية وفرص الإصابة التطعيم 20 68 
negative,Salt,Saudi Arabia,Gulf,شركة فايزر ماتاخذ ثلاث تطعيم طورت حبة مرت باليوم تجارة تجارة 02 
negative,Riyadh,Saudi Arabia,Gulf,1123 مايهم الاسواق اهم شيء الجه الحكومية مانقدر نختبر ندخل الوظايف لازم لقاح حرام ياررب انصر ياررب 
negative,Riyadh,Saudi Arabia,Gulf,احس ليش يطلع الي حلم مافي لقاح 
negative,Salt,Jordan,Levant,لقاح هدية صينية تنسف الجهود الحكومية عبر 
negative,Riyadh,Saudi Arabia,Gulf,120 الاقل عطنا الصي فايروس مريض اقهم ضرر مو يايبلي لقاح قرد جنين مجهض وتقولي طعم والح يايبلي واحد خنزير تاخذه مسؤوليتك وتقولي امن وفعال 
neutral,Riyadh,Saudi Arabia,Gulf,234 الثقة بالله شروط التطعيم عجيييب شكل سمعت الحجية شرح النبي محمد صلى الله وسلم لمعنى التوكل الله رقية طيرة علاج جنة حساب يا حجية يتوكل الله رقية تشاؤم تطعيم علاج 9147 
negative,Riyadh,Saudi Arabia,Gulf,الدوله حفظت حقي وانا اطالب بحقي انتهاك نظام الحقوق واجبار الناس لقاح تجريبي هوه اللي يهدد الامن الوط نقول لاللتطعيمالاجباري73 
neutral,Riyadh,Saudi Arabia,Gulf,السلام ورحمة الله وبركاته رفع شهادة تطعيم كوفيد19 خارج المملكة وتمت الموافقه تتغير توكلنه علمآ تم اخز جرعه فايزرداخل المملكة 
neutral,Riyadh,Saudi Arabia,Gulf,الوالد يسأل مين اللي رازه صورته ويعتبر السوال رقم ملي لان لبسته سال مره سالفه وقصه وهالمره قلت مخترع لقاح قال ماشاء الله وانتي عرفتي انه قلت يقولونه نهاية الجائحه لازم نعبر فرحت وبكذا اخذت اقرب مخرج 37 
neutral,Riyadh,Saudi Arabia,Gulf,العثور لقاح وسط القمامة عاجل عكاظ انتكوناولا تطبيقعكاظ مصر 
neutral,Riyadh,Saudi Arabia,Gulf,يدا نحمي الوطن ونسا عودة الحياة الطبيعية بأخذ لقاح الحجز عبر منصة مركز لقاح بجامعة الملك عبدالعزيزتعليمجده 810 
neutral,Salt,Jordan,Levant,للتعرف النوع التا المتاح مصر لقاح لقاح جونس كيانطب هتعرفك مدى فاعليته والأثار الجانبية والأشخاص المسموح بالتطعيم والفرق اللقاح الأخرى المتاحه ده هاتعرفه المقال 21 
neutral,Jeddha,Saudi Arabia,Gulf,مكةالمكرمة المدينةالمنورة اعتمر توكل خدماتالكترونية تصاريحالعمر حجزعمره لقاحكورو 26 
neutral,Riyadh,Saudi Arabia,Gulf,1979 مرحبا عزيزينود إفادت إمكانية حصول المتعاف الإصابة جرع لقاح ويم الحصول الجرعة الأولى اللقاح مرور 10 أيام الإصابةنتشرف بخدمت 
neutral,Aleppo,Syria,Levant,عبدالله السند تلقيت اليوم الجرعة التنشيطية الثالثة لقاح كوفيد19 لقاح الإنفلونزا الموسمية نسبة الزيادة أعداد المطعم ضد أمراض الشتاء بلغت 116 الضعف مقارنة بموسم 2019 بفضل الله الوعي المجتمعي 48 
negative,Riyadh,Saudi Arabia,Gulf,طالت أعمارهمبس أستاذي لاحظت انهم كاتب للإستخدام عمر ١٦ اجل ليش تطعيم الطلاب سن ١٢ قائم 
neutral,Riyadh,Saudi Arabia,Gulf,احتاج لقاح فايزر لجرعة ثانيهتوكل مبين صيدلي مراكز الصحي 
neutral,Riyadh,Saudi Arabia,Gulf,تدقيق 144 ألفا شهاد تطعيم الخارج رفض 365 المئة واعتماد الباقي وفق معايير دقيقة المواطن المرفوضة شهادته يعامل المحصن والوافد يدخل البلادأبرز أسباب الرفض نوع اللقاح عدم استكمال البيان عدم احتواء الشهادة العافور 
neutral,Riyadh,Saudi Arabia,Gulf,234 مافهمت الاجابة ممكن أحد يفهم لقاح تدخل والناس اطعم سحب عين عشوائية لضم سلامة وجودة اللقاح خاصه سوء التخز والتوصيل نعتمد مختبر بره تفحص طيب فحصت وكانت سليمة وصول انتلفت شحنة لاي سبب مثال حرارة عادي 
positive,Salt,Jordan,Levant,بنزرت تطعيم 28 ألفا و296 شخصا 
positive,Salt,Jordan,Levant,وزارةالتعليملقاحكوروناتعليمالنماص بفضل الله تم إكمال جرع لقاح بنسبة 100 لمنسوبي المدرسة معلم وإداري نتقدم بالشكر لحكومت الرشيدة حرص أبنائ 
neutral,Salt,Jordan,Levant,بايدن أعلن فى الأمم المتحدة أمريكا ستتبرع بالنصف مليار الثانية لقاح فايزر للدول متوسطة الدخل والفقيرة تستهدف تنتهى دول العالم تطعيم 70 شعوب بحلول سبتمبر عام 2022 
negative,Riyadh,Saudi Arabia,Gulf,سجلت دخول توكل حق ابوي بجوالي عشان احجز موعد لقاح لشغالت الموضوع مو الموضوع اعتقد اني تبرعت بأعضائه بالغلط مدري وش اصلا ضغطت موافق اول ماطلع وش الحل 
neutral,Riyadh,Saudi Arabia,Gulf,يقدر عدد بمائتي وستة واربع الف واربعمائة 246400ونوه معاليه تغريد حسابة بتويتر الى الدفعة لقاح استرازينكا ستك اخذ الجرعة الاولى الجولة الاولىو اشار الوزير بحيبح الى لقاح جونس آند جونس متاح يسبق اللقاح مسبقا 95 
neutral,Riyadh,Saudi Arabia,Gulf,العالم حاجة ماسة إللي لقاح مضاد للادي 
neutral,Riyadh,Saudi Arabia,Gulf,2021 جيرا جاءو للسعودية بفيزا زيارة اخذو لقاح الجرعة الاولى برا المملكة وصول لمدة قدم القاح اخذو معا شهادة التطعيم انهم معا لقاح اولى رفض المركز كتبت بتوكل جرعة اولى الان يعمد الجرعة الاولى الي اخذ برا فيد عشان اخدم 
neutral,Riyadh,Saudi Arabia,Gulf,قول الكلام ده للوزير اللي عاوز يخلي الولاد تنزل اجباري الاطفال مالهومش لقاح 
negative,Riyadh,Saudi Arabia,Gulf,2035 للاسف الكوادر الصحة مشتركة بالجريمة شباب أصيب بجلط بالقلب والرأس أصغر من25 عام باسل يريد تطعيم البشر والشجر والحجر 100 يعلم حال معفية اللقاح تنشط امراض كامنة بالجسم وتقضي مرضى المناعة غيابجماعي الطالبمطرالمطيرياكتوبر 
neutral,Riyadh,Saudi Arabia,Gulf,قال تطعيم الجرعه الثانية متوفر الاربع ومافوق 
neutral,Riyadh,Saudi Arabia,Gulf,انا مقيم فى السعوديه اخذ جرعه واحد لقاح فايزر فى السعوديه حال انا فى دبي راجع السعوديه مصر طريق دبي موعد وصولى يوم١٥ اكتوبر باذن الله الوضع بالنسبه لى يوم ١٠ اكتوبر احتاج حجر مؤسسي او منزلى ام لاوعند الوصول للسعوديه احتاج اخذ جرعه ام اثن 
negative,Riyadh,Saudi Arabia,Gulf,599 اصلا يبون يصنع لقاح فعال وأمن صنعو لاكن يبون منا ومنا يبون مبيع اللقاح وقيمته جهه جهه ثانيه يبون الناس تموت عشان سكان العالم بزدياد 
negative,Riyadh,Saudi Arabia,Gulf,الا اطفال مال تبغو تجربو لقاح صنعته الكفار اطفال ابرياء ذنب برقبت يحتاج لقاح لان مناعت قويه مضاعف للاطفال يبين انه كرو الانفلونزا فليه تلعبو بمناعت خلصتو الكبار وحاولتو الصغار وبعد الى متا ظلم مستمر خلو الناس بحال 
neutral,Riyadh,Saudi Arabia,Gulf,12 اخر زياره للطبيب اخذ لقاح الجرعه الثانيه 
neutral,Jeddha,Saudi Arabia,Gulf,معارض الرياض متوفر حال لقاح مودير للفئة العمرية ١٢١٨ سنة اللي اللقاح فترة الصباح فايزر اللي فترة العصر مودير شيك التقرير الطبي 
positive,Jeddha,Saudi Arabia,Levant,أهل الذهب الأصفر والأحمرالمعصفر نخيف نخاف ونطعم نستطعم لقاح نطعم هبت الرياح نطعم الشهر ونضمن الدهر الملوك لقسر جرير عبد الله البجلي 
neutral,Riyadh,Saudi Arabia,Gulf,السلام الرجاء الافاده تم اصدار تاشيره زياره للوالده ٢٢٠٢٠ السؤال يمكن تدخل المملكه مصر العلم انها اخذت جرع تطعيم وجرعه تنشيطيه استرازينيكا وتم توثيق التلقيح وشكرا مقد 
negative,Salt,Jordan,Levant,لقاحكوروناوالله لقاح فايزر متعب صداع عال العال وضعف بالجسم ووهن مو طبيعي وآلم موقع الابرة الله يسهل الحال 
negative,Salt,Saudi Arabia,Gulf,شلون الانس يبني جسد مناعي قوي طفل ياخذ لقاح لفايروس تاجي يفترض الجسم يتعامل معاه تطعيم 
neutral,Riyadh,Saudi Arabia,Gulf,937 السلام ورحمة الله وبركاته تلقيت ثلاث جرع لقاح اثن سينوفارم والثالثة استرازينيكا وحالتي محصن توكل طلب التقرير الطبي تظهر جرعة استرازينيكا يمكن ظهور التقرير توكل جرعة أولى وثانية وثالثة شكرا جزيلا 
negative,Riyadh,Saudi Arabia,Gulf,اولا مو الجميع مطعم ناس شهور مايا الدورثان الطب يقول المتحور والمتشور ماينفع معا تطعيماتثالثا انت حاكر وانا مطعم وتفتح بحري المطعم تعرف جحا 
neutral,Riyadh,Saudi Arabia,Gulf,0353434 91175867 88 تسجيل سعوده شركة بوادر اخذ موعد لقاح كرو الرياض الدمام جدهالقاح كرو حضور ينزل بتوكل سريع تصريح سفر تصريح زواج تصريح زواج الغاء هروب تصفير ضريبه زكاه مخالف مروريه رفع صدار رخصه سواقه حضور منح اراضي ديو ملكي خدماتتواصل 0598627718 
positive,Salt,Jordan,Levant,لله تطعيم الانفلونزا بجد 
negative,Salt,Jordan,Levant,لتحقيق نسبة تطعيم متفق الموعد المحدد مخطط لهاهذا اعتقادي دولة تضحي بنسبة معينة مواطني لاجل الشيط والرؤساء متورط 
neutral,Salt,Saudi Arabia,Gulf,شعار سينوفارم أفضل فايزر نشطاء مغاربة يعدد منافع لقاح سينوفارم الصي مقابل فايزر الأمريكيالمغرب أخبارالآن صحف مجتمع سياسة 35 
positive,Salt,Jordan,Levant,لقاح جلاكسوسميثكلا كيورفاك يظهر تحسن كبير للاستجابة المناعية تجربة الحيوان 
neutral,Riyadh,Saudi Arabia,Gulf,50 سلام تكفى استفسار الوالدة عملت تأشيرة زيارة سور تقدر تدخل المملكة العربية السعودية مهي اخدة لقاح الكورو الجرع جرعة الأولى كافية ايش اللقاح المعتمدة تكف ساعدو الاجوبة 
positive,Khartoum,Sudan,Nile Basin,حدث تاريخي لقاح ضد الملار للأطفال5 
negative,Riyadh,Saudi Arabia,Gulf,تطعيم جرعة واحده تحمي الناسنتم تضغط عالحكومه توفر باقي التطعيم 
neutral,Salt,Jordan,Levant,لعودةآمنة للعام الدراسي الجديد تؤكد وزارةالتعليم وزارةالصحة الطلبة ومنسوبي التعليم أعمار 12 عاما بالحصول جرع لقاح لعودةآمنة بدء العام الدراسي 1443ه ثانويةالواديالأهلية 
neutral,Jeddha,Saudi Arabia,Gulf,مواطن بريطانى يشتكى يتم تطعيم الأولاد فى المدارس علم أولياء أمور 7736 52 
neutral,Riyadh,Saudi Arabia,Gulf,يبقي الا شهر نهاية السنة استعجال تطعيم الاطفال خوف كشف الحقائف 
negative,Riyadh,Saudi Arabia,Gulf,هتاخدى تطعيم الكليه مش عارفه ممكن اخده النادي وخلاص 62 
neutral,Riyadh,Saudi Arabia,Gulf,17579402 99 لقاح استرازينيكا بريطا لقاح جونس امريكي 
neutral,Jeddha,Saudi Arabia,Gulf,مبتكرة لقاح أكسفورد فيروس سيصبح مجرد نزلة برد والفيروس تصبح ضراوة بمرور الوقت بانتشار سكان أصبح مناعة 
neutral,Riyadh,Saudi Arabia,Gulf,الحامل بالشهر الثامن تأخذ لقاح جونس والمرضع تاخد لقاح جونس عادي 
negative,Riyadh,Saudi Arabia,Gulf,31 قالك انه اللقاح ١٠٠ فعال يحميك الله اكيد اذا بيضرك مو الباب وطاقة تعال خذ لقاح قول انا فيني كبد انا فيني مرض قلب بعد ماقد شفت اي احد خذا اللقاح قرد او تعب امور طيب اول انا كلام فاضي وانا خوك اكيد اذا بتقعد تبحث بشي بيطلعلك كذب 
neutral,Riyadh,Saudi Arabia,Gulf,السلام ضيف العزيز سيك السفر مسموح الرحل الداخلية للضيوف وفقا للحالة الصحية تطبيق توكل محصن أكمل جرع لقاح معفي بالإضافة الفئ الغير ملزمة باللقاح الأطفال اقل 12 سنة شكرا لتواصل 
neutral,Riyadh,Saudi Arabia,Gulf,289736171 مرحبا عزيزي للاستفسار بخصوص الحصول لقاح فضلا التواصل وزارة الصحة نتشرف بخدمت 
neutral,Riyadh,Saudi Arabia,Gulf,الص تطعيم 76 السك بالكامل بلقاحاتكورو 25 
neutral,Riyadh,Saudi Arabia,Gulf,السلام انا سواق اجازة واخد تطعيم جرعة اولى استرازينيكا جدة اخذ الجرعة الثانية كانت جانس بلده بنينوعند الدخول بوابة اعتماد التطعيم وربطه بتوكل واجهت مشكلة فالموقع استطيع ادخال جانس كجرعة ثانية الرجاء المساعده 
neutral,Riyadh,Saudi Arabia,Gulf,المملكةالعربيةالسعوديةأنجاز لقاح مضم بإذن الله تبغى تاخذ جرعة لقاح كوروناوتبغى ينزل توكل الحل عندينزلك صحتي ماخذ الجرعة وينزل توكل محصن 14يوملانجاز للي مهو ملقحالطلب رقم جول ابشر والبطاقة اكوادللتواصل المنجز966583633267 
negative,Salt,Saudi Arabia,Gulf,شوية لقاح للاشقاء مصر كمان 
neutral,Khartoum,Sudan,Nile Basin,حسام حسني لقاحاتكورو تؤثر الصحة الإنجابية فيديوالتفاصيل 55صدىالبلد 
neutral,Jeddha,Saudi Arabia,Levant,أهلا بالأحباب ممكن أحد يفيد أما لقاح فايزر بالرياضشاكر مقد 
neutral,Jeddha,Saudi Arabia,Gulf,فاوتشي لقاح فعالة ضد التحور كوفيد19 التاريخ 02 أغسطس 2021 قال كبير المستشار الطبي بالبيت الأبيض انتو فاوتشي اللقاح ضد فيروس مازالت فعالة للغاية الرغم التقارير تفيد بحدوث إصاب 26 
neutral,Riyadh,Saudi Arabia,Gulf,26281816 سؤال جميل محصن ايش بالضبطاخشى اخشاه تكون اللقاح الحالية ماهي الا لقاح لفيروس يأتي بعدثم تنقطع اللقاح ويفتك الفيروس المحصنينا اللقاح الحالي لفيروس فالمنطق يقول نراه ارض الواقع 
neutral,Riyadh,Saudi Arabia,Gulf,10 لقاح تلقا سكان المملكة الصغر فيديو6 
positive,Riyadh,Saudi Arabia,Gulf,جزء التزام بإنقاذ الأرواح وإنهاء الوباء السفارة الأميركية القاهرة تحتفي بوصول 16 ملي جرعة لقاح فايزر القاهرة 
neutral,Salt,Jordan,Levant,لاللتطعيمالاجباري109علقت السلط اليابانية استخدام 163 ملي جرعة لقاح مودير إثر تقارير تلوث عدد الجرعاتوقالت وزارة الصحة مواد غريبة عثر 817 
neutral,Salt,Jordan,Levant,لعودةآمنة للدراسة وحرصا تلقي لقاح نرجو الطلاب الدخول تطبيق صحتي توكل للتأكد مواعيد الحجز المسبق للحصول الجرع والالتزام بمواعيد الحضورنحنثانويةخليص 16 
negative,Riyadh,Saudi Arabia,Gulf,اول شي الم الدوره لقاح والح طحت الدباب 
neutral,Salt,Saudi Arabia,Gulf,شغال الان لقاح جرعة الاولىجرعه الثانيهبخصوص طلاب المدارسسعر 1600إنجاز يوميالمطلوب رقم أبشر 2بيانتك الشخصية3للتواصل المنفذ0582532787 
neutral,Riyadh,Saudi Arabia,Gulf,الولاي المتحدة تترقب بيان تطعيم عسكري إسرائيلي لتحديد سلامة جرع إضافية ضد 
neutral,Jeddha,Saudi Arabia,Gulf,مراكز تطعيم وفق انواع اللقاح الأحد اسماء98 785 
neutral,Salt,Jordan,Levant,بمعنى لقاح ثالث 772 
neutral,Salt,Jordan,Levant,وكنت فاكرة اللقاح دا تطعيم زي بتاع العيال الصغيرة نقط البوق 
neutral,Riyadh,Saudi Arabia,Gulf,الحكومة تحذر الموظف عدم الحصول لقاح يحال للشئ القانونية فيديو الحكومة كورونا55 
neutral,Riyadh,Saudi Arabia,Gulf,ارسل وازهل لقاح كارونة الجرعة الأولهتخفيض مخالف المروراصدار كرت عمل ١٠٠تخفيض المقابل الماليالغاءبلاغ هروبتجديد اقامهبلاغ الهروبازاله بصمه ترحيلتعديل مهنةنقل كفالهاستخراج تأشيره962 
negative,Jeddha,Saudi Arabia,Gulf,فضلا ماهو الحل افيدو للضروره اخدت لقاح جرعه اولى الرياض الندوة بتاريخ 1372021والى الان تتغير حالة توكل قدمت بلاغ 937 اكثر اسبوع وبلاغ لتوكل فايدة والى الان حالة توكل تتغير 
neutral,Jeddha,Saudi Arabia,Gulf,مراكز تطعيم ليوم الأربعاءنبأالأردن 28 
negative,Riyadh,Saudi Arabia,Gulf,امي يوم الاحد تلقح اول يوم عيد لليوم نص اتصل بيها ااكد ماتطلع باب البيت خايف عليهاارجو خاف اهل اذا خسرتو السلالة الجديدة سريعة الانتشار وقاتلة لوم النفس مايفيد اخذ اهل ولقح لاتخسرو وتتندم لقاح العراق 
neutral,Riyadh,Saudi Arabia,Gulf,الحامل بالشهر الثامن تأخذ لقاح جونس والمرضع تاخد لقاح جونس عادي 
negative,Riyadh,Saudi Arabia,Gulf,يقوله الواحد الي انت ضدهالعالم اجتمع وطلع لقاح وقال للمساك لقاحاتي التجربه معتمده وأخلي مسؤليتي القانونيه والادبيه ضرر ينتج أستخدامهاالمساك وبصوت عاليمأمونه والله مأمونه وقسم بالله مأمونه 
neutral,Riyadh,Saudi Arabia,Gulf,طيب عمل اللقاح الأول استرزينبكاهل مسموح يعمل لقاح جونس 
negative,Riyadh,Saudi Arabia,Gulf,123123 شوف سلم انا ماعندي مشكله باي مكان لان مهتم بالاما المدراس يبيل تسليط ضوء الاطفال الح ينقل الوباء عرفت تطعيم فالافضل تباعد تباعد تباعدبس ثنوي جامعه متوسط كبار ياخذ معا معقم كلينكس صاب يدبر امر كمام الاطفال ماينفع 
negative,Riyadh,Saudi Arabia,Gulf,جيت أحجز لقاح طريق توكل تظهر رسالة تعذر إتمام الطلب المشكلة 
neutral,Riyadh,Saudi Arabia,Gulf,نعرف للقانونإذا تبون السالفه مسائله قانونيه وتصير الدوله مسؤوله الطفل يحق للوالد توقيع وزاره الصحه انها تتحمل اي اضرار ناجمه لقاح تجريبي 
negative,Riyadh,Saudi Arabia,Gulf,طبيب أزعج موقع لازم تطعيم وممنوع التأخير ويجب معاقبت جهلة ووو إنقلب 180 درجة أتى تطعيم الأطفال يطالب بالتريث وعدم الإستعجال خوفا أطفاله أكرم بسكوتك البداية الكويتمساءالخيرمسارالحريةلاللتطعيمالاجباري66أطفالناخطأحمر 
negative,Riyadh,Saudi Arabia,Gulf,14 الجهل مالقولو دواء لقاح للاسف 
positive,Riyadh,Saudi Arabia,Gulf,49 تحديدموعدلتطعيمالمسافرينلقاحجونسونهوالحلتقديمموعدالجرعةالثانيةاسترازنيكاجرعةمنشطةللقاحساينوفارمشهادةتطعيموزارةالصحةالمصريةوزارةالهجرةالمصريةمجلسالوزراءالمصري 
neutral,Khartoum,Sudan,Nile Basin,حد جرب موضوع لقاح ده ضروري 
neutral,Jeddha,Saudi Arabia,Levant,أبديتالكويت ريم العسعوسي تدعو التركيز تطعيم الوافد البد ومخالفي قان الإقامة وعدم الإنشغال بجبهة القتال رافضي فكرة التطعيم الكويتي مسؤول 41 
negative,Riyadh,Saudi Arabia,Gulf,نخز القلب وآلام الصدر تصيب الواحد تلقي اللقاح طبيعية ام لقاحكورو 
neutral,Salt,Jordan,Levant,للوطنشمناوقمنا1 حجز موعد لقاح 20 ريال التسجيل أبشر 25 ريال إنشاء سيرةذاتية 35 ريال حجز موعد الأحوالالمدنية 18 ريال التسجيل جدارة 50 ريال التسجيل التأهيلالشامل 35 ريال 
neutral,Riyadh,Saudi Arabia,Gulf,المتحدث باسم مجلس الوزراء العام الدراسى الجديد سيك أما الأعوام السابقة 69 السفيرنادرسعد العامالدراسى فيروسكورو لقاحاتكورو 
negative,Riyadh,Saudi Arabia,Gulf,طلبت قهوا تحسبا لصداع لقاح بكرا 
negative,Rabat,Morocco,Maghreb,دكتور الفاضلفيروس أصاب العالم يتأثر بالمائة تقريبا أقوى مناعة الناس بالعامل النفسي والايما بإجبار الجميع لقاح تجريبي ربما تخريبي مدة أحد يعلم مصنعيه 
neutral,Riyadh,Saudi Arabia,Gulf,1000 مرحبا حال تم الجرعة الاولى إثر تعافي جرعة يتم عرض متعافي وتلقى جرعة الحالة الصحية بأمك حصول المتعاف الإصابة جرع لقاح ويم الحصول الجرعة الأولى اللقاح مرور 10 أيام الإصابةنتشرف بخدمت 
negative,Riyadh,Saudi Arabia,Gulf,السلام تلقيت جرع لقاح كور وتم احتساب لقاح واحد تطبيق توكل العلم تطبيق صحتي موجود جرع وتم الاتصال بصحتي ورفع بلاغ انا عضو هيئة تدريس وسي ابتعاثي غضون ايام ولابد وجود جرع للسفر 
neutral,Riyadh,Saudi Arabia,Gulf,جت حظر وجاء رمض وصنع لقاح وداوم والأن راجع حضوري وللح وصل تحديث الدارك مود بسناب 
neutral,Riyadh,Saudi Arabia,Gulf,جامع ملف مهمة لقاح علاج جيني المواد الضارة مسحة الاثار الجانبية لقاح كورونا99 
neutral,Salt,Saudi Arabia,Gulf,شغال الان لقاح حضور 1جرعه اولى 2جرعه ثانيهتواصل واتساب0530022576 
negative,Riyadh,Saudi Arabia,Gulf,انا خدت لقاح والله 
neutral,Riyadh,Saudi Arabia,Gulf,23322445 تصريح شهاد لقاح توكلناتصريح اذن سفر فحص كارو للسفرمتاح تقرير طبي للسفر معتمد للسفر مطار المملكةالمطلوب صورة جواز السفر2 ميعاد الرحلة3 رقم الجوالبد حضور966 56 395 5406 606 
negative,Riyadh,Saudi Arabia,Gulf,قسم بالله كنت عارفه تبغا المملكه تكون الاولى تحدي شيء وتك الاولى بلوعي الصحي وننجبر ناخذ لقاح حساب صحت الله لايوفق الله وكفى نطالببالدراسهعنبعد1 نطالببالدراسهعنبعد1 نطالببالدراسهعنبعد1 نطالببالدراسهعنبعد1 نطالببالدراسهعنبعد1 
neutral,Salt,Jordan,Levant,رسم السعودية تعلن جرعة ثالثة لقاحكورو 837 
negative,Riyadh,Saudi Arabia,Gulf,72 أذهب بنظرية المؤامرة لأبعد الشاب يا الله يقوله يخدم القضية بتاتا يضر زومبي روبوت بيعطي مؤيدي لقاح جلطة حجة يسفه آرائ رضي اللع قال حدث الناس يعرف أتريد يكذب الله ورسوله شيء يقال 
negative,Jeddha,Saudi Arabia,Gulf,مكس لقاح جسمي 757 
neutral,Salt,Jordan,Levant,برنامجسهم43 حجوز الصلاة بالمسجد الحرام الصلواتالصلاة الروضة الشريفه الاوق للنساء والرجال زيارة النبي متاحه الأسعار المناسبة مكه مكهال لقاح محصن عمرت عمرة عمره صلاة صلاه المسجدالحرام اعتمر 
positive,Salt,Jordan,Levant,لقاح مودير لعب فيني لعب 
neutral,Aleppo,Syria,Levant,عاجل هالةزايد الوارد تطعيم الحال الحرجة بجرعة ثالثة للقاح نوفمبر81 
negative,Jeddha,Saudi Arabia,Gulf,معطينن لقاح اكيد استغفرالله اعوذ بالله 
neutral,Salt,Saudi Arabia,Gulf,شبكة تنهي خدمة موظف حضر العمل تطعيم 326 
neutral,Aleppo,Syria,Levant,عاجلمتحدث الحكومة الحصول جرعة أولى لقاح شرط تلقي الخدم الحكومية نشر الخبر تطبيق موجز للأندرويد والآيف اضغط لتحميل التطبيق مجانا243 
positive,Riyadh,Saudi Arabia,Gulf,صورشهدمركز لقاح كوفيد19 المدرسي بمكتب تعليمصامطة ثاني أيام عيدالأضحى المبارك انطلاقته إقبالا كبيرا الطلاب والطالب ومنسوبي التعليم والمجتمع المحلي بمجمع حنظلة التعليمي بإسك الملك عبدالله بالسهي تأهبا للعام الدراسي القادموزارةالتعليمتعليمجاز 
neutral,Jeddha,Saudi Arabia,Levant,ألان الان الان الانتسجيل لقاح كور اول جرعهثا جرعه ثالث جرعهمطلوب صورة البطاقة ورقم جوالكمنح ارضي الغاء مخالف مرورتجديد اقامة كرت عمل بلاغ هروب الغاء هروبقروض العاطل واالموضف تصفير زكاة802 
neutral,Riyadh,Saudi Arabia,Gulf,جيهوب تكلم بشأن إمكانية القيام بجولة أخرى قال بقدر حريص الأداء نأمل يتحسن الوضع بسرعة يتم تطعيم العديد الأشخاص نتم تقديم عرض بأم 108 
negative,Jeddha,Saudi Arabia,Gulf,مراهق عمره ١٥ يتوفى بنومه يوم الجرعه الثانيه للقاح كوفيد لقته امه بفراشه متوفي بتقعده الصبح يعا اي امراض بالمنطقه الي يعيش طفل توفى كوفيد واه اول طفل يتوفى لقاح كوفيد 05 
positive,Riyadh,Saudi Arabia,Gulf,24 سينوفارم لقاح جد فعال لقي استحس الجميع 
neutral,Jeddha,Saudi Arabia,Gulf,محافظ الليث يطلق حملة لقاح فيروسكورو 
neutral,Riyadh,Saudi Arabia,Gulf,يمكن خاض سباقي لقاح المملكة العربية السعودية الحصول مسلك بتأشيرة 
negative,Jeddha,Saudi Arabia,Levant,ألان الان الان الانتسجيل لقاح كور اول جرعهثا جرعه ثالث جرعهمطلوب صورة البطاقة ورقم جوالكمنح ارضي الغاء مخالف مرورتجديد اقامة كرت عمل بلاغ هروب الغاء هروبقروض العاطل واالموضف تصفير زكاة08 
positive,Riyadh,Saudi Arabia,Gulf,المدينة عبدالله السند تلقيت اليوم الجرعة التنشيطية الثالثة لقاح كوفيد19 لقاح الإنفلونزا الموسمية نسبة الزيادة أعداد المطعم ضد أمراض الشتاء بلغت 116 الضعف مقارنة بموسم 2019 بفضل الله الوعي المجتمعي 11 
neutral,Jeddha,Saudi Arabia,Gulf,فاكسيرا تعلن موعد طرح لقاح صنع فى مصر للمواطن 78 
negative,Riyadh,Saudi Arabia,Gulf,السلام الله يعافي حاولت أرفع تقرير طبي لإسثنائي لقاح يقول خطأ بوضع التنمية أرج حل مشكلتي أقرب شاكرة 
