author_id,created_at,geo,id,text,withheld,Sentiment,Label,City,Country,Region
1.434668315646075e+18,2021-12-01 23:58:44+00:00,,1.4661950887998423e+18,@salmaniho ูุงููู ูุง ุนุงุฏ ูุฏุฑู ูุงุฎูู ุจุณ ุดููู ุจููุชูู ุงููุทุงู ููุงุญ ุงููู ูุจู ูููู ููููู ููุฒููู ุนูููุง ุงูุซุงูุซู ุฏุฑุงู ููููุงุณุฏ ูุง ุงูุซุฑ ูุงูุนูู ุนูุฏ ุงููู,,neutral,DOH,Doha,Qatar,Gulf
1.0590932496238428e+18,2021-12-01 23:56:44+00:00,,1.466194585395376e+18,"#ุงูุชุจ_ุงู_ุดู_ุชุจูู
ูุด ุฑุงููู ุจุงููู ูุงูุงุฎุฐ ููุงุญ ูููุฒู ูู ุชููููุง ููุชูู ุงูุฌุฑุนุงุช https://t.co/45TMc9j4dj",,neutral,DOH,Doha,Qatar,Gulf
1.0590932496238428e+18,2021-12-01 23:50:42+00:00,,1.466193068172976e+18,@abwhd8 @AlBayanNews ูุงููู ูุงุฌุงุจ ููุฏููุฉ ุงูุฃูุฑุงุถ ุงูุง ุงูุชู ุญุณุจู ุงููู ููุนู ุงููููู ููู ูุงูุงุฎุฐ ููุงุญ ูููุฒู ูู ุชููููุง,,negative,DOH,Doha,Qatar,Gulf
1.314287804621435e+18,2021-12-01 23:14:33+00:00,,1.466183968106197e+18,"@MOISaudiArabia ุณูุงู ุนูููู ูุฑุญูุฉ ุงููู ูุจุฑูุงุชู
ุฃุฎุฐุช ุฌุฑุนุฉ ููุงุญ ููุฑููุง ุฎุงุฑุฌ ุงูููููุฉ ูุชู ุฅุนุชูุงุฏ ุงูุฌุฑุนุฉ ุจุงูููููุฉ ุจุชุงุฑูุฎ ูฆ ุณุจุชูุจุฑ ุงู ูุจู ูจูง ููู ูููุญูู ูุง ูุฒูุช ุงูุฌุฑุนุฉ ุนูู ุชุทุจูู ุชููููุง ูุชูุฏูุช ุจุฃูุซุฑ ูู ูขู ุจูุงุบ ููุฒุงุฑุฉ ุงูุตุญุฉ ุจุฏูู ุฃู ูุชูุฌุฉ",,negative,DOH,Doha,Qatar,Gulf
541215641.0,2021-12-01 23:11:43+00:00,,1.466183256693424e+18,@AlbandriAlazmi ูู ุดูู ูููููู ูุทูุนูู ููุง ููุงุญ .. ุตุฑูุง ุญู ุชุฌุงุฑุจ ๐,,negative,DOH,Doha,Qatar,Gulf
1.453313494816858e+18,2021-12-01 22:51:08+00:00,,1.466178075327185e+18,@Zigoo0 ูุนูู ุชุทุนูู ๐คฅ,,negative,DOH,Doha,Qatar,Gulf
1.3652831837811712e+18,2021-12-01 22:45:37+00:00,,1.4661766882330624e+18,@B_7555 ุจุณ ุงูุญูู ูุฏ ูู ููุงุญุงุช ุงูุงููุฑ ุชุญุช ุงูุณูุทุฑุฉ,,neutral,DOH,Doha,Qatar,Gulf
1.1750262022827745e+18,2021-12-01 22:42:18+00:00,,1.4661758553784525e+18,ูููู ูู ูุตุฏูู ุงููุงุณ ุงููู ุชุฏุนู ุงู ุงููุชุญูุฑ ุงูุฌุฏูุฏ ููุชุดุฑ ูุชุฑุฌุน ููุง ุณุงููุฉ ููุฑููุง ูู ุฌุฏูุฏ!!! ุชูููู ูู ูุงุถููู ูุฒูุฏ ุนูููุง ุงููููุฌ ุ ุชููู ูุงุนุฏู ุงุณูู ุจุฑุฒูุชูุดู ุนู ููุงุญุงุช ููุฑููุงุ ุชุจูู ุจุนุฏ ูุฏุฑุณ ุงููุชุญูุฑ ุงูุณูู ุงูุฌุงูู ุงููู ูุง ููููู! ูุฏูุง ุงููุนุจ๐,,negative,DOH,Doha,Qatar,Gulf
1.228373853476397e+18,2021-12-01 23:57:31+00:00,,1.4661947809505157e+18,"@300Mimi96 @yemen_alwadiah ุงุตูุง ุฌููุณูู ุฑุณูู ูู ุงูุตุญุฉ ุงูููููุฉ ูุนุชูุฏ 
ูููุงู ูุฌูุฉ ุชูุญุต 
ูู ูุฏุฎู ุงูุง ูู ูุงู ุฑุณูู ูู ุงูุตุญุฉ 
ููุงุญ 
ูุฏูู 
ูุญุต",,neutral,MSA,Modern Standard Arabic,Modern Standard Arabic,Modern Standard Arabic
1.3677907354587136e+18,2021-12-01 23:57:12+00:00,,1.46619470269329e+18,ุฅููุงุก ุฅุฌุฑุงุกุงุช ุงูุฅูุฑุงุฌ ุงูุฌูุฑูู ุนู 1.7 ููููู ุฌุฑุนุฉ ูู ููุงุญ https://t.co/Tb4iBSrd9y,,neutral,MSA,Modern Standard Arabic,Modern Standard Arabic,Modern Standard Arabic
384010834.0,2021-12-01 23:48:07+00:00,,1.4661924164284088e+18,@Mohammed13M1234 @Fatma_pts @HSalim_Writer ูู ุงูููุงูุฉ ูุฐุง ูุง ูุง ุจุฏ ุฃู ูุญุฏุซ.. ููุง ุณูุณุฑุน ุฐูู ูู ุชุทุนูู ุฃูุจุฑ ุนุฏุฏ ูููู ูู ุณูุงู ูู ุจูุฏ..,,neutral,MSA,Modern Standard Arabic,Modern Standard Arabic,Modern Standard Arabic
1.397414395223941e+18,2021-12-01 23:40:41+00:00,,1.4661905454962565e+18,"ููุงุญ Covid ูุณุจุจ ุงูููุจ / ุงูููุช. ุฏูุชูุฑ ุจูุชุฑ ูุงููููุบ ุ ุทุจูุจ ูุงุณุชุดุงุฑู ุงูููุจ ุ
 ""ุญุงููุง ุ ููุงู ุฏุฑุงุณุงุช ุชุธูุฑ ุฃู ุฌุฒูุฆุงุช ุงูููุงุญ ุงููุงูููุฉ ุชุฏุฎู ุงูููุจ ูุจุงุดุฑุฉ. https://t.co/2sqndjVgG5",,neutral,MSA,Modern Standard Arabic,Modern Standard Arabic,Modern Standard Arabic
1853532061.0,2021-12-01 23:30:05+00:00,,1.4661878804019814e+18,"ููุงุญ ุฌุฏูุฏ ูููููุฏ-19 ูุฌุชุงุฒ ุฃูู ุชุฌุฑุจุฉ ุจูุฌุงุญ
ุงูุชูุงุตูู ุนูู ุงูุฑุงุจุท ุงูุชุงูู: https://t.co/IGFCby5OX4 https://t.co/Hpl02eCcEg",,positive,MSA,Modern Standard Arabic,Modern Standard Arabic,Modern Standard Arabic
1.2633398445934223e+18,2021-12-01 23:28:40+00:00,,1.4661875221916344e+18,ูุตุฉ ููุงุณุจ ููุงุญ โูุงูุฒุฑโ ุงููุฐููุฉ ุงูุชู ุญุฏุซุช ูุฃูู ูุฑุฉ ูู ุงูุชุงุฑูุฎ ..ุงูุดุฑูุฉ ุฌูุช 36 ูููุงุฑ ุฏููุงุฑ ูู ุนุงู..! https://t.co/88ywdXcTdo,,positive,MSA,Modern Standard Arabic,Modern Standard Arabic,Modern Standard Arabic
405427247.0,2021-12-01 23:26:19+00:00,,1.4661869309038264e+18,"@FattahDra ุจุงุฑู ุงููู ููู ูุง ุฏูุชูุฑ
ููู ุงูุณุคุงู :ูู ูุณุชุฏุนู ุฐูู ุฃู ูููู ุงูููุงุญ ุงุฌุจุงุฑูุ
ูู ูุงูุช ููุงุญุงุช ุงูุงูุจุฆุฉ ุงูุณุงุจูุฉ ุงุฌุจุงุฑูุฉุ
ูู ุงูููุงุญุงุช ุงูุญุงููุฉ ุชููุน ุงูุงุตุงุจุฉุ
ุชุญูุงุชู",,neutral,MSA,Modern Standard Arabic,Modern Standard Arabic,Modern Standard Arabic
7.377263810109112e+17,2021-12-01 23:23:58+00:00,,1.4661863397081457e+18,ุฌููุจ ุฃูุฑูููุง ุชูุถุญ ูุฏู ูุฏุฑุฉ ููุงุญุงุช โููุฑููุงโ ุนูู ููุงุฌูุฉ ุฃุนุฑุงุถ โุฃููููุฑููโ https://t.co/Pxp3W0cXyU,,neutral,MSA,Modern Standard Arabic,Modern Standard Arabic,Modern Standard Arabic
1.3656826251558584e+18,2021-12-01 23:19:13+00:00,,1.4661851444070564e+18,@v8_wot @Saad_turkmeni ูุงูุช ูู ุงุฎุชุฑุนุช ููุงุญ ููุฑููุง ุฃู ุฃุฌูุฒุฉ ุชุจุฑูุฏ ููููุงู ูุงุฌูุฒุฉ ุงูุชูููู ุ!,,neutral,MSA,Modern Standard Arabic,Modern Standard Arabic,Modern Standard Arabic
1.2846146218155418e+18,2021-12-01 23:17:33+00:00,,1.4661847244062843e+18,"@CNBCArabia ูุฌูุฉ ูุธุฑ ุดุฎุตูุฉ 

ุฃูููุฑูู .. ุจุญูู ุงููุฌููู ุญุงููุงู ! 

ูุง ูููู ูู ุฃุซุฑุฉ ููุง ูุจุงูุบ ูู ุฃุซุฑุฉ ! 

 ุงุชููุน ุงูุฃุณุจูุน ุงููุงุฏู "" ุฃุฎุจุงุฑ "" ุญูู ุฅูุฌุงุฏ ููุงุญ ูู โฆ. ุฃู โฆ. ุชุฃููุฏ ูุงุนููุฉ ุงูููุงุญุงุช ุงูุณุงุจูุฉ ๐ฆ  ุถุฏ ุฃูููุฑูู . . 

ูุฐุง โฆ. ูุงููู ุงุนูู .",,neutral,MSA,Modern Standard Arabic,Modern Standard Arabic,Modern Standard Arabic
434897540.0,2021-12-01 23:17:10+00:00,,1.466184628310614e+18,"#ุฌููุจ_ุฃูุฑูููุง ุชูุถุญ ูุฏู ูุฏุฑุฉ ููุงุญุงุช #ููุฑููุง ุนูู ููุงุฌูุฉ ุฃุนุฑุงุถ #ุฃููููุฑูู
https://t.co/BlwLdpK0eD https://t.co/ITqn7LPaG2",,neutral,MSA,Modern Standard Arabic,Modern Standard Arabic,Modern Standard Arabic
2860544847.0,2021-12-01 23:16:00+00:00,,1.4661843340380365e+18,"ุงูุตุญุฉ ุชุจุฏุง ุญููุฉ ุชุทุนููุงุช ููุจุฑุฉ ููุฐู ุงููุฆุฉ ุงูุนูุฑูุฉ .. ุจุฏุกูุง ูู ูุฐุง ุงูููุนุฏ
https://t.co/UfV7uwHXMy https://t.co/Omf9JhonTC",,neutral,MSA,Modern Standard Arabic,Modern Standard Arabic,Modern Standard Arabic
1.3240040082399928e+18,2021-12-01 23:14:32+00:00,,1.4661839657070141e+18,ูุชุญุฏุซ ุงูุตุญุฉ ููุดู ูุฏู ูุงุนููุฉ ููุงุญ ููุฑููุง ุถุฏ ุงููุชุญูุฑุงุช ุงูุฌุฏูุฏุฉ https://t.co/jyAYk5OgIt,,neutral,MSA,Modern Standard Arabic,Modern Standard Arabic,Modern Standard Arabic
1.4107992118351872e+18,2021-12-01 23:14:28+00:00,,1.4661839491395502e+18,"ุงูุนุซูุฑ ุนูู ููุงุญ ููุฑููุง ูุนูุฏู ุงูุญูุงุฉ ููุง ูุงูุช

ููุฑููุง https://t.co/VO2Ad3uJze",,positive,MSA,Modern Standard Arabic,Modern Standard Arabic,Modern Standard Arabic
1686683744.0,2021-12-01 23:11:25+00:00,,1.4661831829911142e+18,"ููุธูุฉ ุงูุตุญุฉ ุงูุนุงูููุฉ: ุงูุจูุงูุงุช ุงูุฃูููุฉ ุชุธูุฑ ุฃู ูุนุธู ุฅุตุงุจุงุช "" #ุฃููููุฑูู"" ุจุณูุทุฉ ููุง ุชูุฌุฏ ุญุงูุงุช ุฎุทูุฑุฉ.. ููุง ุชูุฌุฏ ุญุงุฌุฉ ูุชุทููุฑ ููุงุญุงุช ุฌุฏูุฏุฉ ููุฌุจ ุนูู ุงููุตูุนูู ุฅุฌุฑุงุก ุจุนุถ ุงูุชุนุฏููุงุช ุนูู ุงูููุงุญุงุช ุงูุญุงููุฉ",,neutral,MSA,Modern Standard Arabic,Modern Standard Arabic,Modern Standard Arabic
1.3748169521249116e+18,2021-12-01 23:05:31+00:00,,1.4661816985095905e+18,"ูู ุงูุฃุฑุฏู ููุงุถุงุฉ ุฑุฆูุณ ุงููุฒุฑุงุก ููุฒูุฑ ุงูุตุญุฉ ููุฏูุฑ ูุคุณุณุฉ ุงูุบุฐุงุก ูุงูุฏูุงุก ุจุณุจุจ โุฅุฏุฎุงู ููุงุญ ูููุซ ูุดุน โ
#ูุง_ููุชุทุนูู_ุงูุงุฌุจุงุฑู204 #ูุง_ููุชุทุนูู_ุงูุงุฌุจุงุฑู205
https://t.co/1wNiFbmATZ",,negative,MSA,Modern Standard Arabic,Modern Standard Arabic,Modern Standard Arabic
410829887.0,2021-12-01 22:59:00+00:00,,1.4661800556634604e+18,"ุจูุงู ุตุงุฏู ูู ุงูุตุญุฉ ุงูุนุงูููุฉ ุจุดุฃู ุชุทุนูู ููุฑููุง ุจุงูุดุฑู ุงูุฃูุณุท
https://t.co/mjbMwB7q7i",,neutral,MSA,Modern Standard Arabic,Modern Standard Arabic,Modern Standard Arabic
1.2504688679961108e+18,2021-12-01 22:55:01+00:00,,1.4661790546510275e+18,"ุงูุตุญุฉ ุงูุนุงูููุฉ ุชูุดู ุชูุงุตูู ุฌุฏูุฏุฉ ุจุดุฃู ุชุทููุฑ ููุงุญุงุช ุฎุงุตุฉ ูููุงุฌูุฉ #ุฃููููุฑูู 
https://t.co/3PEGNa5mBw",,neutral,MSA,Modern Standard Arabic,Modern Standard Arabic,Modern Standard Arabic
1.1727613332737024e+18,2021-12-01 22:50:47+00:00,,1.4661779901786194e+18,@RassdNewsN ูุฑุงุฑ ููุน ุฏุฎูู ุงููุคุณุณุงุช ูุงูููุฆุงุช ุงูุญููููุฉ .. ููุนุฏู .. ูุงูุญุฏูุซ ุนู ุชููู ููุงุญ ุจุนุฏ ุซูุงุซ ุณููุงุช ูู ุชุนุงุธู ูุชูุดู ุงููุจุงุก .. ููุฉ ุงูุณุฎู .. ูุงูุดุงุฑุน ุงูุนุงู ูุนูุด ุญุงูุฉ ูู ุงููุฑุฌ ูุงููุฑุฌ ุงูุบูุฑ ูุณุจูู .,,negative,MSA,Modern Standard Arabic,Modern Standard Arabic,Modern Standard Arabic
1.1727613332737024e+18,2021-12-01 22:49:43+00:00,,1.4661777192769085e+18,ูุฑุงุฑ ุงูููุน .. ููุนุฏู .. ูุงูุญุฏูุซ ุนู ุชููู ููุงุญ ุจุนุฏ ุซูุงุซ ุณููุงุช ูู ุชุนุงุธู ูุชูุดู ุงููุจุงุก .. ููุฉ ุงูุณุฎู .. ูุงูุดุงุฑุน ุงูุนุงู ูุนูุด ุญุงูุฉ ูู ุงููุฑุฌ ูุงููุฑุฌ ุงูุบูุฑ ูุณุจูู . https://t.co/LUH7uNZ1mt,,negative,MSA,Modern Standard Arabic,Modern Standard Arabic,Modern Standard Arabic
337152442.0,2021-12-01 22:47:56+00:00,,1.4661772716606996e+18,"ูุชุญุฏุซ ""ุงูุตุญุฉ"": ุชุทููุฑ ููุงุญุงุช ""ููุฑููุง"" ุฃูุฑ ุฅูุฌุงุจู.. ูุงูููููุฉ ุชุณุชูุฑุฏูุง ููู ุฃุนูู ุงููุนุงููุฑ   https://t.co/lUnTp6HaYu https://t.co/iGMTyozSyR",,positive,MSA,Modern Standard Arabic,Modern Standard Arabic,Modern Standard Arabic
7.380861998862541e+17,2021-12-01 22:46:22+00:00,,1.4661768795645706e+18,"#ูุชุญุฏุซ_ุงูุตุญุฉ: ุชุทููุฑ ููุงุญุงุช #ููุฑููุง ุฃูุฑ ุฅูุฌุงุจู.. ู #ุงูููููุฉ ุชุณุชูุฑุฏูุง ููู ุฃุนูู ุงููุนุงููุฑ.
#ุตุญููุฉ_ูุฒุงูุฉ https://t.co/8nWkEK6Tqh",,neutral,MSA,Modern Standard Arabic,Modern Standard Arabic,Modern Standard Arabic
264277605.0,2021-12-01 22:41:43+00:00,,1.4661757079655424e+18,"ุงููููุงู ุชูุฑุถ ููุงุญ COVID-19 ูุฌููุน ุงูุฃุดุฎุงุต ุงูุฐูู ุชุฒูุฏ ุฃุนูุงุฑูู ุนู 60 ุนุงููุง
 ุฃุนููุช ุงูุญูููุฉ ุงููููุงููุฉ ููู ุงูุซูุงุซุงุก ููู ุงูุงูุซุฑ ุชุทุฑููุง ูู ููุงุญุงุช COVID ุ ุฃูู ูุฌุจ ุนูู ุฌููุน ุงูุฃุดุฎุงุต ุงูุฐูู ุชุฒูุฏ ุฃุนูุงุฑูู ุนู 60 ุนุงููุง ุงูุญุตูู ุนูู ุงูููุงุญ ูู ุฃูู ูู ุดูุฑูู ุฃู ููุงุฌูุฉ ุบุฑุงูุงุช. https://t.co/0srW8xbF3B",,neutral,MSA,Modern Standard Arabic,Modern Standard Arabic,Modern Standard Arabic
1.4276397946796646e+18,2021-12-01 23:56:08+00:00,,1.4661944365227581e+18,@mawla_dr ุจูุฌููู ูุชู ูุจู ุงูููุฑููุงุ ูุน ุงูุนูู ุงู ุจุนุฑู ูุงุณ ุชููู ูู ููููุฏ ูุงูู ุงุฎุฏู ุฌุฑุนุชูู ููุงุญ ุณุงุจูุง ุ ู ุตุฑุงุญุฉ ูู ุงูุณุงู ูุชุฑูู ู ูุฏุฑุฉ ุฌุณูู ุนูู ููุงุฌูุฉ ุงููุฑุถ ุ ู ุงูููุงุญ ุงุญูุงู ูุชู ููุชูุ ูุน ููุงุญุธุฉ ุงูู ูููุง ุงุฒุฏุงุฏุช ุงููุชุญูุฑุงุช ุ ูููุง ุฎูุช ููุฉ ุงูููุฑูุณ ๐คท๐ปโโ๏ธ,,negative,SAL,Salt,Jordan,Levant
1.4276397946796646e+18,2021-12-01 23:52:38+00:00,,1.4661935561131704e+18,@mawla_dr ุจููุช ูุงูุฏุฉ ููุฐูู ูุฏุฉ ุดูุฑ ู ูุต ู ุดูุฑูู ุ ุฎูุงู ุงููุชุฑุฉ ุงููุงุถูุฉ ุ ุชุนุงููุช ูุน ุงุดุฎุงุต ุงุตูุจู ุจ ููููุฏ ุ ูุง ุนูุฏูู ุงูุฑุงุถ ููุง ุฑุจู ุ ูููู ูุงุช ู ูููู ุทุจูุจุชู ุงูุฎุงุตุฉ ุจููุช ูุฑูุถุฉ ููุฏุฉ ุณูุฉ ูุงููุฉ ุจุนุฏ ุงูููููุฏ ุ ุญุชุง ุงููู ูููุญูู ุนู ููุตุงุจู ุจ ุงููุฑุถุ ุงูุง ูุง ุงุฎุฏุช ููุงุญ ุงุจุฏุง ุ ู ุญุงูุชู ุซุงุจุชุฉ ุ ุฒูุงู ุดุฏูุฏ,,negative,SAL,Salt,Jordan,Levant
1.4287151472086753e+18,2021-12-01 23:55:02+00:00,,1.4661941582432297e+18,"@HafedAlmamre ุงุฎุฐู ููุงุญ ูููุฏ F16  ุงููู ุจุนุฏู 
โ๏ธโ๏ธโ๏ธโ๏ธโ๏ธโ๏ธโ๏ธโ๏ธโ๏ธ๐",,neutral,JED,Jeddha,Saudi Arabia,Gulf
1.4276397946796646e+18,2021-12-01 23:49:43+00:00,,1.4661928212290806e+18,@mawla_dr ุงุณูุญูู ุฏูุชูุฑ ุงุญูููู ุน ุดุบูุฉ ุ ุงูุง ุนุงูุดุฉ ุจ ููุฏู ูู ูุชุฑุฉ ุทูููุฉ ุ ุนูุฏู ุฑุจู ุดุฏูุฏ ุฌุฏุง ุ ุงุตุงุจูุง ุงูููููุฏ ุจ ุดูุฑ ูุงุฑุด ูู ุณูุฉ ูขููขู ุงูุง ู ุฒูุฌู ู ุงููุงุฏู ุ ููุชูุง ูุง ูุงู ูู ููุงุญ ููุง ูุญูุตุงุช ุ ูุง ุงุฎุฏูุง ุฏูุง ุงุจุฏุง ุ ุถูููุง ุนูู ุงูุตุงุฏุงุช ุงูุญูููุฉ ุงูุทุจูุนูุฉ ู ุงูุฑุงุญุฉ ู ุงูุณูุงุฆู ุ ุชุญุณูุง ุงูุญูุฏูููุ  ุจุณ ุงูุง ุถููุช,,negative,KHA,Khartoum,Sudan,Nile Basin
1.4465000839362068e+18,2021-12-01 23:42:42+00:00,,1.4661910527805768e+18,"@AlarabyTV ๐จโ๐ปยซุดุบุงู ููุงุญ ููุฑููุง ุจุฏูู ุญุธูุฑ ยป ๐จโ๐ป

๐ ยซููุงุญ ููุฑููุง  ุงูุฌุฑุนุชูู ุณูุงยป๐โ

๐ยซ ููุงุญ ููุฑููุง ุงูุฌุฑุนู ุงูุฃููู ยป ๐โ

๐ยซ ููุงุญ ููุฑููุง ุงูุฌุฑุนู ุงูุซุงููู ยป ๐โ

๐ยซ ููุงุญ ููุฑููุง ุงูุฌุฑุนู ุงูุซุงูุซู ยป ๐โ

๐ููุชูุงุตู ูุงุชุณุงุจ(0571682994)๐ฑ",,neutral,SAN,Sanaโa,Yemen,Gulf of Aden
1.4465000839362068e+18,2021-12-01 23:42:35+00:00,,1.4661910245277123e+18,"@SaudiNews50 ๐จโ๐ปยซุดุบุงู ููุงุญ ููุฑููุง ุจุฏูู ุญุธูุฑ ยป ๐จโ๐ป

๐ ยซููุงุญ ููุฑููุง  ุงูุฌุฑุนุชูู ุณูุงยป๐โ

๐ยซ ููุงุญ ููุฑููุง ุงูุฌุฑุนู ุงูุฃููู ยป ๐โ

๐ยซ ููุงุญ ููุฑููุง ุงูุฌุฑุนู ุงูุซุงููู ยป ๐โ

๐ยซ ููุงุญ ููุฑููุง ุงูุฌุฑุนู ุงูุซุงูุซู ยป ๐โ

๐ููุชูุงุตู ูุงุชุณุงุจ(0571682994)๐ฑ",,neutral,SAN,Sanaโa,Yemen,Gulf of Aden
2804484331.0,2021-12-01 23:40:21+00:00,,1.4661904640428728e+18,@SaudiNews50 ุฌุฑุนุฉ ูุนุฒุฒู ูุชู ุชุฌููุฒูุง ููุงูุฑูู ุงู ูููุถุงุก ุงู ุฌูุจ ุงูุงูุฑุงุถ ููุจุดุฑ ููุงุฐุง ุจุนุฏ ุงููุนุฒุฒู ูุงููุฏุฑููุง ููุงูุฒุฑ ุตุงุฑุช ุงูุจุดุฑ ูุฌุฑุฏ ุงุฏูุงุช ุชุนูุด ุนูุฆ ุงูููุงุญุงุช ุงูุฆ ุงูู ุฐุงูุจูู ูุฑุงุจุนู ูุนุงุดุฑู ุนุงุฑููู ูุฎุทุทุงุชูู ูู ุงูู ููุงุญ ููููุงูุง ุงููุฆ ูุซุงููู ูุซุงูุซู ูุฑุงุจุนู ูููุฐุง ููุจุงุฑ ุงูุณู ูุงูุงุทูุงู ูุญุชุฆ ุงููู ูู ุจุทู ุงูู,,negative,SAN,Sanaโa,Yemen,Gulf of Aden
1.3074942571130798e+18,2021-12-01 23:31:49+00:00,,1.4661883136190505e+18,@AJArabic ๐ ูู ุจุฎุชูุง ููุงุญุงุช ุ ุฎุงุตุฉ ููุฏุฑูุง ููุงุญ ููู ุฌุฑุจุชู ุ,,neutral,SAN,Sanaโa,Yemen,Gulf of Aden
1.1191132768040428e+18,2021-12-01 23:23:22+00:00,,1.466186187652186e+18,"@mai555222 ุงุฎุฏุช ุณููููุงุฑู ููุญุตูุด ุบูุฑ ุงู ุฌุณูู ุชูู ุนููุง ููู ูุงุญุฏ ุจุณ
ุงุนุชูุฏ ูู ุจูุฎุชูู ูู ููุงุญ ููุชุงูู",,neutral,SAN,Sanaโa,Yemen,Gulf of Aden
1.445479956193022e+18,2021-12-01 23:05:12+00:00,,1.4661816166325821e+18,"@sabqorg @PmeMediacen *โ๏ธุจุฏูู ุญุถูุฑโ๏ธ*
*ุฌุฏูุฏูุง ุงูุงู*
*ููุงุญ ูุฑููุง ุงูุฌุฑุนู ุงูุขููู 
*ููุงุญ ูุฑููุง ุงูุฌุฑุนู ุงูุขููู 
*ููุงุญ ูุฑููุง ุงูุฌุฑุนู ุงูุขููู 

*ููุงุญ ูุฑููุง ุงูุฌุฑุนู ุงูุซุงููู 
*ููุงุญ ูุฑููุง ุงูุฌุฑุนู ุงูุซุงููู 
*ุงูุทูุจุงุช*
*ุตูุฑู ุงูุจุทุงูู
*ูุฑูู ุฌูุงู ุงุจุดุฑ
*ูุฏู ุงูุขูุฌุงุฒ 24 ุณุงุนู*",,neutral,SAN,Sanaโa,Yemen,Gulf of Aden
1.445479956193022e+18,2021-12-01 23:04:49+00:00,,1.4661815222019768e+18,"@AlRiyadh *โ๏ธุจุฏูู ุญุถูุฑโ๏ธ*
*ุฌุฏูุฏูุง ุงูุงู*
*ููุงุญ ูุฑููุง ุงูุฌุฑุนู ุงูุขููู 
*ููุงุญ ูุฑููุง ุงูุฌุฑุนู ุงูุขููู 
*ููุงุญ ูุฑููุง ุงูุฌุฑุนู ุงูุขููู 

*ููุงุญ ูุฑููุง ุงูุฌุฑุนู ุงูุซุงููู 
*ููุงุญ ูุฑููุง ุงูุฌุฑุนู ุงูุซุงููู 
*ุงูุทูุจุงุช*
*ุตูุฑู ุงูุจุทุงูู
*ูุฑูู ุฌูุงู ุงุจุดุฑ
*ูุฏู ุงูุขูุฌุงุฒ 24 ุณุงุนู*",,neutral,SAN,Sanaโa,Yemen,Gulf of Aden
1.447875664921645e+18,2021-12-01 23:03:15+00:00,,1.4661811273501983e+18,"@almowatennet *โ๏ธุจุฏูู ุญุถูุฑโ๏ธ*
*ุฌุฏูุฏูุง ุงูุงู*
*ููุงุญ ูุฑููุง ุงูุฌุฑุนู ุงูุขููู 
*ููุงุญ ูุฑููุง ุงูุฌุฑุนู ุงูุขููู 
*ููุงุญ ูุฑููุง ุงูุฌุฑุนู ุงูุขููู 

*ููุงุญ ูุฑููุง ุงูุฌุฑุนู ุงูุซุงููู 
*ููุงุญ ูุฑููุง ุงูุฌุฑุนู ุงูุซุงููู 
*ุงูุทูุจุงุช*
*ุตูุฑู ุงูุจุทุงูู
*ูุฑูู ุฌูุงู ุงุจุดุฑ
*ูุฏู ุงูุขูุฌุงุฒ 24 ุณุงุนู*",,neutral,SAN,Sanaโa,Yemen,Gulf of Aden
1.445479956193022e+18,2021-12-01 23:02:22+00:00,,1.4661809055889572e+18,"@OKAZ_online *โ๏ธุจุฏูู ุญุถูุฑโ๏ธ*
*ุฌุฏูุฏูุง ุงูุงู*
*ููุงุญ ูุฑููุง ุงูุฌุฑุนู ุงูุขููู 
*ููุงุญ ูุฑููุง ุงูุฌุฑุนู ุงูุขููู 
*ููุงุญ ูุฑููุง ุงูุฌุฑุนู ุงูุขููู 

*ููุงุญ ูุฑููุง ุงูุฌุฑุนู ุงูุซุงููู 
*ููุงุญ ูุฑููุง ุงูุฌุฑุนู ุงูุซุงููู 
*ุงูุทูุจุงุช*
*ุตูุฑู ุงูุจุทุงูู
*ูุฑูู ุฌูุงู ุงุจุดุฑ
*ูุฏู ุงูุขูุฌุงุฒ 24 ุณุงุนู*",,neutral,SAN,Sanaโa,Yemen,Gulf of Aden
1.447875664921645e+18,2021-12-01 23:02:02+00:00,,1.4661808215644652e+18,"@almowatennet *โ๏ธุจุฏูู ุญุถูุฑโ๏ธ*
*ุฌุฏูุฏูุง ุงูุงู*
*ููุงุญ ูุฑููุง ุงูุฌุฑุนู ุงูุขููู 
*ููุงุญ ูุฑููุง ุงูุฌุฑุนู ุงูุขููู 
*ููุงุญ ูุฑููุง ุงูุฌุฑุนู ุงูุขููู 

*ููุงุญ ูุฑููุง ุงูุฌุฑุนู ุงูุซุงููู 
*ููุงุญ ูุฑููุง ุงูุฌุฑุนู ุงูุซุงููู 
*ุงูุทูุจุงุช*
*ุตูุฑู ุงูุจุทุงูู
*ูุฑูู ุฌูุงู ุงุจุดุฑ
*ูุฏู ุงูุขูุฌุงุฒ 24 ุณุงุนู*",,neutral,SAN,Sanaโa,Yemen,Gulf of Aden
1.464630639601275e+18,2021-12-01 23:02:00+00:00,,1.4661808104117617e+18,"#EVELIV
#ูุชูุฌู_ุญูุฑุงูุจุงุทู
๐ููุงุญ ููุฑููุง
ุชู ุฎุงูุต ุชูุฒูู ูุญุตู 
๐ุฌุฑุนู ุงููู ุจุฏูู ุญุถูุฑ
๐ุฌุฑุนู ุซุงููู ุจุฏูู ุญุถูุฑ 
๐ุฌุฑุนู ุซุงูุซู ุจุฏูู ุญุถูุฑ
๐ด๐ุงูุฌุงุฒ 24 ุณุงุนู ุฎุงูุต",,neutral,SAN,Sanaโa,Yemen,Gulf of Aden
1.464630639601275e+18,2021-12-01 23:01:47+00:00,,1.4661807581214638e+18,"#ูู_ูุฑู_ุงูุฎุทุจุชู
#ูุชูุฌู_ุญูุฑุงูุจุงุทู
๐ููุงุญ ููุฑููุง
ุชู ุฎุงูุต ุชูุฒูู ูุญุตู 
๐ุฌุฑุนู ุงููู ุจุฏูู ุญุถูุฑ
๐ุฌุฑุนู ุซุงููู ุจุฏูู ุญุถูุฑ 
๐ุฌุฑุนู ุซุงูุซู ุจุฏูู ุญุถูุฑ
๐ด๐ุงูุฌุงุฒ 24 ุณุงุนู ุฎุงูุต",,negative,SAN,Sanaโa,Yemen,Gulf of Aden
1.464630639601275e+18,2021-12-01 23:01:35+00:00,,1.4661807085993083e+18,"ุงูุณูุงู ุนูููู:
#ูุชูุฌู_ุญูุฑุงูุจุงุทู
๐ููุงุญ ููุฑููุง
ุชู ุฎุงูุต ุชูุฒูู ูุญุตู 
๐ุฌุฑุนู ุงููู ุจุฏูู ุญุถูุฑ
๐ุฌุฑุนู ุซุงููู ุจุฏูู ุญุถูุฑ 
๐ุฌุฑุนู ุซุงูุซู ุจุฏูู ุญุถูุฑ
๐ด๐ุงูุฌุงุฒ 24 ุณุงุนู ุฎุงูุต",,neutral,SAN,Sanaโa,Yemen,Gulf of Aden
1.464630639601275e+18,2021-12-01 23:01:12+00:00,,1.4661806110230323e+18,"#ุฑูุงู_ูุฏุฑูุฏ_ุงุชูุชูู
#ูุชูุฌู_ุญูุฑุงูุจุงุทู
๐ููุงุญ ููุฑููุง
ุชู ุฎุงูุต ุชูุฒูู ูุญุตู 
๐ุฌุฑุนู ุงููู ุจุฏูู ุญุถูุฑ
๐ุฌุฑุนู ุซุงููู ุจุฏูู ุญุถูุฑ 
๐ุฌุฑุนู ุซุงูุซู ุจุฏูู ุญุถูุฑ
๐ด๐ุงูุฌุงุฒ 24 ุณุงุนู ุฎุงูุต",,neutral,SAN,Sanaโa,Yemen,Gulf of Aden
1.464630639601275e+18,2021-12-01 23:00:46+00:00,,1.4661804993622262e+18,"#ุณุฌู_ูู_ููุตู_ุฎุทุงุจู_ุงูุณุนูุฏูู
#ูุชูุฌู_ุญูุฑุงูุจุงุทู
๐ููุงุญ ููุฑููุง
ุชู ุฎุงูุต ุชูุฒูู ูุญุตู 
๐ุฌุฑุนู ุงููู ุจุฏูู ุญุถูุฑ
๐ุฌุฑุนู ุซุงููู ุจุฏูู ุญุถูุฑ 
๐ุฌุฑุนู ุซุงูุซู ุจุฏูู ุญุถูุฑ
๐ด๐ุงูุฌุงุฒ 24 ุณุงุนู ุฎุงูุต",,neutral,SAN,Sanaโa,Yemen,Gulf of Aden
1.464630639601275e+18,2021-12-01 23:00:25+00:00,,1.466180413366362e+18,"#ูุชูุฌู_ุญูุฑุงูุจุงุทู
๐ููุงุญ ููุฑููุง
ุชู ุฎุงูุต ุชูุฒูู ูุญุตู 
๐ุฌุฑุนู ุงููู ุจุฏูู ุญุถูุฑ
๐ุฌุฑุนู ุซุงููู ุจุฏูู ุญุถูุฑ 
๐ุฌุฑุนู ุซุงูุซู ุจุฏูู ุญุถูุฑ
๐ด๐ุงูุฌุงุฒ 24 ุณุงุนู ุฎุงูุต",,negative,SAN,Sanaโa,Yemen,Gulf of Aden
1.447875664921645e+18,2021-12-01 23:00:05+00:00,,1.4661803296942367e+18,"@almowatennet *โ๏ธุจุฏูู ุญุถูุฑโ๏ธ*
*ุฌุฏูุฏูุง ุงูุงู*
*ููุงุญ ูุฑููุง ุงูุฌุฑุนู ุงูุขููู 
*ููุงุญ ูุฑููุง ุงูุฌุฑุนู ุงูุขููู 
*ููุงุญ ูุฑููุง ุงูุฌุฑุนู ุงูุขููู 

*ููุงุญ ูุฑููุง ุงูุฌุฑุนู ุงูุซุงููู 
*ููุงุญ ูุฑููุง ุงูุฌุฑุนู ุงูุซุงููู 
*ุงูุทูุจุงุช*
*ุตูุฑู ุงูุจุทุงูู
*ูุฑูู ุฌูุงู ุงุจุดุฑ
*ูุฏู ุงูุขูุฌุงุฒ 24 ุณุงุนู*",,neutral,SAN,Sanaโa,Yemen,Gulf of Aden
1.445479956193022e+18,2021-12-01 22:58:37+00:00,,1.4661799601089004e+18,"@sabqorg *โ๏ธุจุฏูู ุญุถูุฑโ๏ธ*
*ุฌุฏูุฏูุง ุงูุงู*
*ููุงุญ ูุฑููุง ุงูุฌุฑุนู ุงูุขููู 
*ููุงุญ ูุฑููุง ุงูุฌุฑุนู ุงูุขููู 
*ููุงุญ ูุฑููุง ุงูุฌุฑุนู ุงูุขููู 

*ููุงุญ ูุฑููุง ุงูุฌุฑุนู ุงูุซุงููู 
*ููุงุญ ูุฑููุง ุงูุฌุฑุนู ุงูุซุงููู 
*ุงูุทูุจุงุช*
*ุตูุฑู ุงูุจุทุงูู
*ูุฑูู ุฌูุงู ุงุจุดุฑ
*ูุฏู ุงูุขูุฌุงุฒ 24 ุณุงุนู*",,neutral,SAN,Sanaโa,Yemen,Gulf of Aden
1.464630639601275e+18,2021-12-01 22:58:35+00:00,,1.4661799510785638e+18,"#ููุจู_ููู_ุชุนุทูู
๐ููุงุญ ููุฑููุง
ุชู ุฎุงูุต ุชูุฒูู ูุญุตู

๐ุฌุฑุนู ุงููู ุจุฏูู ุญุถูุฑ
๐ุฌุฑุนู ุซุงููู ุจุฏูู ุญุถูุฑ ๐
๐ุฌุฑุนู ุซุงูุซู ุจุฏูู ุญุถูุฑ๐ 
๐ุงูุฌุงุฒ 24 ุณุงุนู ุฎุงูุต",,neutral,SAN,Sanaโa,Yemen,Gulf of Aden
1.445479956193022e+18,2021-12-01 22:58:27+00:00,,1.4661799196674703e+18,"@SPAregions *โ๏ธุจุฏูู ุญุถูุฑโ๏ธ*
*ุฌุฏูุฏูุง ุงูุงู*
*ููุงุญ ูุฑููุง ุงูุฌุฑุนู ุงูุขููู 
*ููุงุญ ูุฑููุง ุงูุฌุฑุนู ุงูุขููู 
*ููุงุญ ูุฑููุง ุงูุฌุฑุนู ุงูุขููู 

*ููุงุญ ูุฑููุง ุงูุฌุฑุนู ุงูุซุงููู 
*ููุงุญ ูุฑููุง ุงูุฌุฑุนู ุงูุซุงููู 
*ุงูุทูุจุงุช*
*ุตูุฑู ุงูุจุทุงูู
*ูุฑูู ุฌูุงู ุงุจุดุฑ
*ูุฏู ุงูุขูุฌุงุฒ 24 ุณุงุนู*",,neutral,SAN,Sanaโa,Yemen,Gulf of Aden
1.445479956193022e+18,2021-12-01 22:57:35+00:00,,1.4661797018111713e+18,"@ActionMa3Waleed *โ๏ธุจุฏูู ุญุถูุฑโ๏ธ*
*ุฌุฏูุฏูุง ุงูุงู*
*ููุงุญ ูุฑููุง ุงูุฌุฑุนู ุงูุขููู 
*ููุงุญ ูุฑููุง ุงูุฌุฑุนู ุงูุขููู 
*ููุงุญ ูุฑููุง ุงูุฌุฑุนู ุงูุขููู 

*ููุงุญ ูุฑููุง ุงูุฌุฑุนู ุงูุซุงููู 
*ููุงุญ ูุฑููุง ุงูุฌุฑุนู ุงูุซุงููู 
*ุงูุทูุจุงุช*
*ุตูุฑู ุงูุจุทุงูู
*ูุฑูู ุฌูุงู ุงุจุดุฑ
*ูุฏู ุงูุขูุฌุงุฒ 24 ุณุงุนู*",,neutral,SAN,Sanaโa,Yemen,Gulf of Aden
1.445479956193022e+18,2021-12-01 22:53:25+00:00,,1.4661786516874732e+18,"@sabqorg *โ๏ธุจุฏูู ุญุถูุฑโ๏ธ*
*ุฌุฏูุฏูุง ุงูุงู*
*ููุงุญ ูุฑููุง ุงูุฌุฑุนู ุงูุขููู 
*ููุงุญ ูุฑููุง ุงูุฌุฑุนู ุงูุขููู 
*ููุงุญ ูุฑููุง ุงูุฌุฑุนู ุงูุขููู 

*ููุงุญ ูุฑููุง ุงูุฌุฑุนู ุงูุซุงููู 
*ููุงุญ ูุฑููุง ุงูุฌุฑุนู ุงูุซุงููู 
*ุงูุทูุจุงุช*
*ุตูุฑู ุงูุจุทุงูู
*ูุฑูู ุฌูุงู ุงุจุดุฑ
*ูุฏู ุงูุขูุฌุงุฒ 24 ุณุงุนู*",,neutral,SAN,Sanaโa,Yemen,Gulf of Aden
1.445479956193022e+18,2021-12-01 22:53:20+00:00,,1.4661786309213757e+18,"@ALHILAL_60 @TW_ALHILAL @banderalrezohan *โ๏ธุจุฏูู ุญุถูุฑโ๏ธ*
*ุฌุฏูุฏูุง ุงูุงู*
*ููุงุญ ูุฑููุง ุงูุฌุฑุนู ุงูุขููู 
*ููุงุญ ูุฑููุง ุงูุฌุฑุนู ุงูุขููู 
*ููุงุญ ูุฑููุง ุงูุฌุฑุนู ุงูุขููู 

*ููุงุญ ูุฑููุง ุงูุฌุฑุนู ุงูุซุงููู 
*ููุงุญ ูุฑููุง ุงูุฌุฑุนู ุงูุซุงููู 
*ุงูุทูุจุงุช*
*ุตูุฑู ุงูุจุทุงูู
*ูุฑูู ุฌูุงู ุงุจุดุฑ
*ูุฏู ุงูุขูุฌุงุฒ 24 ุณุงุนู*",,neutral,SAN,Sanaโa,Yemen,Gulf of Aden
1.445479956193022e+18,2021-12-01 22:53:18+00:00,,1.4661786204063048e+18,"@ALHILAL_60 @TW_ALHILAL *โ๏ธุจุฏูู ุญุถูุฑโ๏ธ*
*ุฌุฏูุฏูุง ุงูุงู*
*ููุงุญ ูุฑููุง ุงูุฌุฑุนู ุงูุขููู 
*ููุงุญ ูุฑููุง ุงูุฌุฑุนู ุงูุขููู 
*ููุงุญ ูุฑููุง ุงูุฌุฑุนู ุงูุขููู 

*ููุงุญ ูุฑููุง ุงูุฌุฑุนู ุงูุซุงููู 
*ููุงุญ ูุฑููุง ุงูุฌุฑุนู ุงูุซุงููู 
*ุงูุทูุจุงุช*
*ุตูุฑู ุงูุจุทุงูู
*ูุฑูู ุฌูุงู ุงุจุดุฑ
*ูุฏู ุงูุขูุฌุงุฒ 24 ุณุงุนู*",,neutral,SAN,Sanaโa,Yemen,Gulf of Aden
1.445479956193022e+18,2021-12-01 22:47:44+00:00,,1.4661772210816778e+18,"@sabqorg *โ๏ธุจุฏูู ุญุถูุฑโ๏ธ*
*ุฌุฏูุฏูุง ุงูุงู*
*ููุงุญ ูุฑููุง ุงูุฌุฑุนู ุงูุขููู 
*ููุงุญ ูุฑููุง ุงูุฌุฑุนู ุงูุขููู 
*ููุงุญ ูุฑููุง ุงูุฌุฑุนู ุงูุขููู 

*ููุงุญ ูุฑููุง ุงูุฌุฑุนู ุงูุซุงููู 
*ููุงุญ ูุฑููุง ุงูุฌุฑุนู ุงูุซุงููู 
*ุงูุทูุจุงุช*
*ุตูุฑู ุงูุจุทุงูู
*ูุฑูู ุฌูุงู ุงุจุดุฑ
*ูุฏู ุงูุขูุฌุงุฒ 24 ุณุงุนู*",,neutral,SAN,Sanaโa,Yemen,Gulf of Aden
1.447875664921645e+18,2021-12-01 22:46:41+00:00,,1.4661769552215245e+18,"#ููุฑูููุง1_ูู_ุงูุณุนูุฏูู
*โ๏ธุจุฏูู ุญุถูุฑโ๏ธ*
*ุฌุฏูุฏูุง ุงูุงู*
*ููุงุญ ูุฑููุง ุงูุฌุฑุนู ุงูุขููู 
*ููุงุญ ูุฑููุง ุงูุฌุฑุนู ุงูุขููู 
*ููุงุญ ูุฑููุง ุงูุฌุฑุนู ุงูุขููู 

*ููุงุญ ูุฑููุง ุงูุฌุฑุนู ุงูุซุงููู 
*ููุงุญ ูุฑููุง ุงูุฌุฑุนู ุงูุซุงููู 
*ุงูุทูุจุงุช*
*ุตูุฑู ุงูุจุทุงูู
*ูุฑูู ุฌูุงู ุงุจุดุฑ
*ูุฏู ุงูุขูุฌุงุฒ 24 ุณุงุนู*",,neutral,SAN,Sanaโa,Yemen,Gulf of Aden
1.447875664921645e+18,2021-12-01 22:44:34+00:00,,1.466176424440701e+18,"@almowatennet *โ๏ธุจุฏูู ุญุถูุฑโ๏ธ*
*ุฌุฏูุฏูุง ุงูุงู*
*ููุงุญ ูุฑููุง ุงูุฌุฑุนู ุงูุขููู 
*ููุงุญ ูุฑููุง ุงูุฌุฑุนู ุงูุขููู 
*ููุงุญ ูุฑููุง ุงูุฌุฑุนู ุงูุขููู 

*ููุงุญ ูุฑููุง ุงูุฌุฑุนู ุงูุซุงููู 
*ููุงุญ ูุฑููุง ุงูุฌุฑุนู ุงูุซุงููู 
*ุงูุทูุจุงุช*
*ุตูุฑู ุงูุจุทุงูู
*ูุฑูู ุฌูุงู ุงุจุดุฑ
*ูุฏู ุงูุขูุฌุงุฒ 24 ุณุงุนู*",,neutral,SAN,Sanaโa,Yemen,Gulf of Aden
1.447875664921645e+18,2021-12-01 22:42:39+00:00,,1.4661759410513551e+18,"@almowatennet *โ๏ธุจุฏูู ุญุถูุฑโ๏ธ*
*ุฌุฏูุฏูุง ุงูุงู*
*ููุงุญ ูุฑููุง ุงูุฌุฑุนู ุงูุขููู 
*ููุงุญ ูุฑููุง ุงูุฌุฑุนู ุงูุขููู 
*ููุงุญ ูุฑููุง ุงูุฌุฑุนู ุงูุขููู 

*ููุงุญ ูุฑููุง ุงูุฌุฑุนู ุงูุซุงููู 
*ููุงุญ ูุฑููุง ุงูุฌุฑุนู ุงูุซุงููู 
*ุงูุทูุจุงุช*
*ุตูุฑู ุงูุจุทุงูู
*ูุฑูู ุฌูุงู ุงุจุดุฑ
*ูุฏู ุงูุขูุฌุงุฒ 24 ุณุงุนู*",,neutral,SAN,Sanaโa,Yemen,Gulf of Aden
1.447875664921645e+18,2021-12-01 22:41:58+00:00,,1.4661757690261217e+18,"@samsahli__12 *โ๏ธุจุฏูู ุญุถูุฑโ๏ธ*
*ุฌุฏูุฏูุง ุงูุงู*
*ููุงุญ ูุฑููุง ุงูุฌุฑุนู ุงูุขููู 
*ููุงุญ ูุฑููุง ุงูุฌุฑุนู ุงูุขููู 
*ููุงุญ ูุฑููุง ุงูุฌุฑุนู ุงูุขููู 

*ููุงุญ ูุฑููุง ุงูุฌุฑุนู ุงูุซุงููู 
*ููุงุญ ูุฑููุง ุงูุฌุฑุนู ุงูุซุงููู 
*ุงูุทูุจุงุช*
*ุตูุฑู ุงูุจุทุงูู
*ูุฑูู ุฌูุงู ุงุจุดุฑ
*ูุฏู ุงูุขูุฌุงุฒ 24 ุณุงุนู*",,neutral,SAN,Sanaโa,Yemen,Gulf of Aden
1.447875664921645e+18,2021-12-01 22:41:50+00:00,,1.4661757345700004e+18,"#ูู_ูุฑู_ุงูุฎุทุจุชู
*โ๏ธุจุฏูู ุญุถูุฑโ๏ธ*
*ุฌุฏูุฏูุง ุงูุงู*
*ููุงุญ ูุฑููุง ุงูุฌุฑุนู ุงูุขููู 
*ููุงุญ ูุฑููุง ุงูุฌุฑุนู ุงูุขููู 
*ููุงุญ ูุฑููุง ุงูุฌุฑุนู ุงูุขููู 

*ููุงุญ ูุฑููุง ุงูุฌุฑุนู ุงูุซุงููู 
*ููุงุญ ูุฑููุง ุงูุฌุฑุนู ุงูุซุงููู 
*ุงูุทูุจุงุช*
*ุตูุฑู ุงูุจุทุงูู
*ูุฑูู ุฌูุงู ุงุจุดุฑ
*ูุฏู ุงูุขูุฌุงุฒ 24 ุณุงุนู*",,neutral,SAN,Sanaโa,Yemen,Gulf of Aden
1.447875664921645e+18,2021-12-01 22:41:46+00:00,,1.4661757219576996e+18,"@almowatennet *โ๏ธุจุฏูู ุญุถูุฑโ๏ธ*
*ุฌุฏูุฏูุง ุงูุงู*
*ููุงุญ ูุฑููุง ุงูุฌุฑุนู ุงูุขููู 
*ููุงุญ ูุฑููุง ุงูุฌุฑุนู ุงูุขููู 
*ููุงุญ ูุฑููุง ุงูุฌุฑุนู ุงูุขููู 

*ููุงุญ ูุฑููุง ุงูุฌุฑุนู ุงูุซุงููู 
*ููุงุญ ูุฑููุง ุงูุฌุฑุนู ุงูุซุงููู 
*ุงูุทูุจุงุช*
*ุตูุฑู ุงูุจุทุงูู
*ูุฑูู ุฌูุงู ุงุจุดุฑ
*ูุฏู ุงูุขูุฌุงุฒ 24 ุณุงุนู*",,neutral,SAN,Sanaโa,Yemen,Gulf of Aden
1.447875664921645e+18,2021-12-01 22:41:42+00:00,,1.4661757047484662e+18,"#ูููุฏูุงู_ุงูุนุฑุจ
*โ๏ธุจุฏูู ุญุถูุฑโ๏ธ*
*ุฌุฏูุฏูุง ุงูุงู*
*ููุงุญ ูุฑููุง ุงูุฌุฑุนู ุงูุขููู 
*ููุงุญ ูุฑููุง ุงูุฌุฑุนู ุงูุขููู 
*ููุงุญ ูุฑููุง ุงูุฌุฑุนู ุงูุขููู 

*ููุงุญ ูุฑููุง ุงูุฌุฑุนู ุงูุซุงููู 
*ููุงุญ ูุฑููุง ุงูุฌุฑุนู ุงูุซุงููู 
*ุงูุทูุจุงุช*
*ุตูุฑู ุงูุจุทุงูู
*ูุฑูู ุฌูุงู ุงุจุดุฑ
*ูุฏู ุงูุขูุฌุงุฒ 24 ุณุงุนู*",,neutral,SAN,Sanaโa,Yemen,Gulf of Aden
1.447875664921645e+18,2021-12-01 22:41:35+00:00,,1.466175671798014e+18,"@AMERSHSHAN *โ๏ธุจุฏูู ุญุถูุฑโ๏ธ*
*ุฌุฏูุฏูุง ุงูุงู*
*ููุงุญ ูุฑููุง ุงูุฌุฑุนู ุงูุขููู 
*ููุงุญ ูุฑููุง ุงูุฌุฑุนู ุงูุขููู 
*ููุงุญ ูุฑููุง ุงูุฌุฑุนู ุงูุขููู 

*ููุงุญ ูุฑููุง ุงูุฌุฑุนู ุงูุซุงููู 
*ููุงุญ ูุฑููุง ุงูุฌุฑุนู ุงูุซุงููู 
*ุงูุทูุจุงุช*
*ุตูุฑู ุงูุจุทุงูู
*ูุฑูู ุฌูุงู ุงุจุดุฑ
*ูุฏู ุงูุขูุฌุงุฒ 24 ุณุงุนู*",,neutral,SAN,Sanaโa,Yemen,Gulf of Aden
1.447875664921645e+18,2021-12-01 22:41:29+00:00,,1.466175648347693e+18,"#ูุชูุฌู_ุญูุฑุงูุจุงุทู
*โ๏ธุจุฏูู ุญุถูุฑโ๏ธ*
*ุฌุฏูุฏูุง ุงูุงู*
*ููุงุญ ูุฑููุง ุงูุฌุฑุนู ุงูุขููู 
*ููุงุญ ูุฑููุง ุงูุฌุฑุนู ุงูุขููู 
*ููุงุญ ูุฑููุง ุงูุฌุฑุนู ุงูุขููู 

*ููุงุญ ูุฑููุง ุงูุฌุฑุนู ุงูุซุงููู 
*ููุงุญ ูุฑููุง ุงูุฌุฑุนู ุงูุซุงููู 
*ุงูุทูุจุงุช*
*ุตูุฑู ุงูุจุทุงูู
*ูุฑูู ุฌูุงู ุงุจุดุฑ
*ูุฏู ุงูุขูุฌุงุฒ 24 ุณุงุนู*",,neutral,SAN,Sanaโa,Yemen,Gulf of Aden
1.2674839560453284e+18,2021-12-01 23:42:00+00:00,,1.4661908793209405e+18,@DrDHSJHFDA25 ุญูู ุงูููุฑูุณ ุฏู ุดููููุง ููุงุญ ุจูู ุงูุชู๐๐๐,,neutral,CAI,Cairo,Egypt,Nile Basin
9.837179329823007e+17,2021-12-01 23:31:55+00:00,,1.4661883396740628e+18,@n1_nagwan ูุง ูุด ููููุน ููู ุจูููู ูู ุงูุชุนุจ ููุน ุงุญุชุฑุงูู ูุญุถุฑุชู ุงูุง ูุงุฎุฏ ููุงุญ ูุฑููุง ูุฑุชูู ุงุณุชุฑุงุฒููุง ูุงูุฌุฑุนู ุงูุซุงููู ูุงูุฒุฑ ูุงูุญูุฏ ุงููู ูุง ููุฌุฏ ุงู ุงุนุฑุงุถ ููุงุฆู ุชูุฑูุจุง ุงุฎุฐุช ุงูุงุณุชุฑุงุฒููุง ูู ูค ุดููุฑ ููุงูุฒุฉ ูู ุดูุฑ ููุตู ูุงูุญูุฏ ุงููู ููุตูุญู ูุฒู ุชุงุฎุฏู ุงูููุงุญ ูุงุณู ุนูู ุงูุฅุทุงูุฉ,,neutral,CAI,Cairo,Egypt,Nile Basin
620371633.0,2021-12-01 23:25:47+00:00,,1.4661867981791805e+18,"ููุงุญ ุชุฌุฑูุจู .. ุงูุช ูุญุฏู ุงููุง ุงููุชููู ูุณุฆูู ุนูุง ูุญุฏุซ ุงููู .. ุชุงุฎุฏู ุจุงูุฌุฒูุฉ .. ูู ุบูุฑ ุงุฌุจุงุฑู ุจุณ ุงูุช ูุฌุจุฑ ุชุงุฎุฏู 
ูุง ุฑุฏ ุงูุญููููููููููููููููููุฑุ",,negative,CAI,Cairo,Egypt,Nile Basin
9.72061389568299e+17,2021-12-01 23:23:36+00:00,,1.466186247970435e+18,"@NaguibSawiris ูุงุญุฏ ูุนุงู ู ุงูุดุบู ุฑุงูุถ ุงูุชุทุนูู
ููู ุ
ุนุดุงู ููุณู ูุฎูู ููุฏ ููู ุนูุฏู 4 ุจูุงุช
ูุงูู ุนูุงูุฉ ุงูุชุทุนูู ุจุงูุฎููุฉ 
ุงุตููู ุจูููููุง ุงูู ุจูุคุซุฑ ุนูู ููุน ุงูุฌููู ุนูุฏ ุงูุฑุงุฌู 
ุทุจ ูุง ุงูุช ุฌุจุช ุจูุงุช ูู ุบูุฑ ูุง ุชุงุฎุฏ ููุงุญ ููุง ูููู 

ุงูู โฆ  ูุด ุนุงุฑู  โฆ.  ุงูุง ูุด ูุงุฎุฏ ุงูููุงุญ ูุฎูุงุต 

ุญุงุฌู ุบุฑูุจุฉ๐ณ๐ณ๐คฃ",,negative,CAI,Cairo,Egypt,Nile Basin
2782866678.0,2021-12-01 22:54:12+00:00,,1.466178849360728e+18,โุงูู ูุงูุฏุฑูุง ููุนุจูู ุจุงูุฌููุงุช ูู ุงูู ููุงุญ ุฑุฌุนูุง ุงููุฑุถ ูุฑู ุซุงููู ุนุดุงู ูุฏูููุง ููู ูุชุณูุทุฑ ุงููุงุณูููุฉ ุนูู ุงููุฑุฉ ุงูุฃุฑุถูุฉ ุฎุทุฉ ุดูุทุงููุฉโ https://t.co/ZDM2aCnqX6,,negative,CAI,Cairo,Egypt,Nile Basin
1.328750720141697e+18,2021-12-01 22:51:17+00:00,,1.4661781144390615e+18,ุงุญูุง ููุนูู ููุฑูุณ ุจุนุฏ ูุฏู ุชุฎุชุฑุน ููุงุญ ูุจุนุฏูู ูุญูุฑ ุงูููุฑูุณ ููุฎุชุฑุน ููุงุญ ูุงููุฑุงุฎ ุชุจูุถ ูุงุญูุง ูููุณ๐คฃ https://t.co/FmjE42QSN7,,negative,CAI,Cairo,Egypt,Nile Basin
1.284597664038912e+18,2021-12-01 23:37:24+00:00,,1.4661897212190925e+18,ุงูููุฑุฑูุง ุงููุง ููุงุญ ๐๐๐ https://t.co/qcGE7VEe4C,,neutral,RIY,Riyadh,Saudi Arabia,Gulf
1.4632137764805755e+18,2021-12-01 23:17:54+00:00,,1.466184814734758e+18,@re_z009 ุฌุฑุจู ููุงุญ ุญุงุฑุณูุง,,negative,RIY,Riyadh,Saudi Arabia,Gulf
346910564.0,2021-12-01 23:15:05+00:00,{'place_id': '01af894d0e430d75'},1.4661841054234747e+18,"@ll07__i ุงู ุดุงุก ุงููู ุชููู ุนูู ูุฐุง ๐ ููุง ุชูุตู ุงูู ุชุบููุฑ/ุชุนุฏูู ุงูุฌููุงุช.. ุฃูุตุฏู ูุฌู ููุฏู ุนููู ูู ุฑูุจุชู. ๐
ุนูููุง ุงูููุงูุฉ ูุฑุฑุจุชุ ุงุญุฌุฒู ููุงุญ ุซุงูุซ. ๐",,negative,RIY,Riyadh,Saudi Arabia,Gulf
1.4609665118463468e+18,2021-12-01 23:12:57+00:00,,1.4661835679276564e+18,"#ูุทุนู_ุฌุฑุนุชูู_ูุงุฑูุถ_ุงูุซุงูุซู
ููุงุญ ุจุฏูู ุญุธูุฑ ุงููุจูุง ูุฌู ุฎุงุต https://t.co/xLXZREy2VU",,neutral,RIY,Riyadh,Saudi Arabia,Gulf
1.4609665118463468e+18,2021-12-01 23:10:59+00:00,,1.4661830718379172e+18,@1Kuwty ููุงุญ ุจุฏูู ุญุธูุฑ https://t.co/32CegwGELn,,neutral,RIY,Riyadh,Saudi Arabia,Gulf
1.4602683581930045e+18,2021-12-01 23:06:14+00:00,,1.466181876733911e+18,@PfIzer00 ุงูุณูุงู ุนูููู ููู ุงููู ููุงุญ ูุงูุฒุฑ ุจุงูุฑูุงุถ,,negative,RIY,Riyadh,Saudi Arabia,Gulf
435615116.0,2021-12-01 22:45:53+00:00,,1.4661767564827238e+18,"ุชุทุนูู #ููุฑููุง 
ุตูุฑุฉ https://t.co/xKzwHQI8Sl",,neutral,RIY,Riyadh,Saudi Arabia,Gulf
1.2414815827766477e+18,2021-12-01 23:27:55+00:00,,1.4661873349663007e+18,"ุฃููููุฑูู ูู ูุฏููู:

ูก. ุชุทุนูู ุงูุฃุทูุงู ูู ุนูุฑ ุงูุณูุชูู

ูข. ูุทุนููู ุงููุงุณ ุจุซุงูุซุฉ ูุฑุงุจุนุฉ

ูง ูููุงุฑ ุดุฎุต
ุงูุฌุฑุนุฉ ูขู ุฏููุงุฑ

ูฉู% ูู ูง ูููุงุฑ = ูฆ.ูฃ ูููุงุฑ

ุงููููุงุฑ ุชุฌูุจ ููููู ููุฏูุจ ุจ ูฃูู ุฏููุงุฑ

ูู ุฌุฑุนุฉ ูุฏุฎูููุง ูกูขูฆ ูููุงุฑ ุฏููุงุฑ

ุฑุดุงูู ูุนูููุงุช ููุงุฏูุจ ูขูฆ ูููุงุฑ ุจูู ุฌุฑุนุฉ

ุฃููู ุงุณุชุซูุงุฑ
#ุงุญุณุจูุง_ูุงูุฐูุจ",,negative,BEN,Benghazi,Libya,Maghreb
1.4000723971144622e+18,2021-12-01 23:11:40+00:00,,1.466183245305942e+18,ููุงุญุงุช ููุฏูุฑูุง ููุงูุฒุฑ ุงููุฉยููุญูุงูู https://t.co/WYf95yhlZt,,neutral,BEN,Benghazi,Libya,Maghreb
1.0545466823593083e+18,2021-12-01 23:20:02+00:00,,1.4661853489884733e+18,@EpassportGovSa ุงูุง ุงุฎุฐ ููุงุญ ุฌููุณูู ูู ูุดูููู ุงูุญุฌุฑ ุงูุตุญู,,neutral,MOS,Mosul,Iraq,Iraq
7.647873950657741e+17,2021-12-01 23:05:32+00:00,,1.4661816992183828e+18,@7amadQalam ุงูุง ุฎุฐูุชูุง ูุงูุญูุฏููู ูุงูู ุงุนุฑุงุถ ูููุนูู ุฎุฐูุช ูุนุงูุง ุชุทุนูู ุงูุงูููููุฒุง ุจููุณ ุงูููุช ๐,,neutral,MOS,Mosul,Iraq,Iraq
9.034304720296141e+17,2021-12-01 23:19:24+00:00,,1.4661851909009162e+18,@AlMasryAlYoum ุงูุชุทุนูู ูุณุจู ูุจูุฑู ููู ุบูุฑ ูุนุงูู ูุฏู ุนุจุงุฑู ูุถุงุฏ ุญููู  ุงู ููุชุงููู ุงู ุงู ุดู ููุณุจู ููููู ููุงุญ ุญูููู  ูุฏุง ุฎุทุฑ ุนูู ุงูุงูุณุงู ุงูุณููู ูุฎุงุตู ูู ุนูุฏู ุณูุฑ ุงู ุงู ูุฑุถ ูุฒูู,,neutral,TRI,Tripoli,Libya,Maghreb
1.0545466823593083e+18,2021-12-01 23:16:45+00:00,,1.466184522660262e+18,@AljawazatKSA ูู ุงูู ุงุฎุฐ ููุงุญ ุฌููุณูู ูุดููู ุงูุญุฌุฑ ุงูุตุญูุ,,neutral,MUS,Muscat,Oman,Gulf
2784584684.0,2021-12-01 23:10:50+00:00,,1.466183035301372e+18,"๐ด ูู ุงูุฎุงุต ๐จ

ููุงุญ ูุฑููุง ููู ูู ุฌุฏู ูุงุตุญุงุจ ุงูุฒูุงุฑุงุช",,neutral,MUS,Muscat,Oman,Gulf
1.2908161813859983e+18,2021-12-01 22:54:17+00:00,,1.4661788705461617e+18,"@Xlhzynn @NawafAlmugairen ูุฐุง ุนุฐุฑ ูุง ุบูุฑ ูุงูู
ุงููุชุญุงูุฑุงุช ูุงุนูุฑูุง ุชููู ุจุฐู ุงูุทุฑููู!
ูุจุงูุงุณุงุณ ุดููู ุฌุงุจู ููุงุญ ูููุชุญูุฑ ููู ุชูู ุทูุน!!ุ
ููู ุงูููุชุฑุถ ุงูุฌุฑุนุชูู ุชุญููู ูู ุงููุชุญุงูุฑุงุช 
ูู ุฐุง ููู ูุฐุจ ุนุดุงู ุจุณ ูุงุฎุฐ ุฌุฑุนุงุช ุฃูุซุฑ",,negative,MUS,Muscat,Oman,Gulf
1.4473045045552783e+18,2021-12-01 22:45:35+00:00,,1.4661766801631724e+18,"๐ฏ ูุณุชูุจู ุงูุงู๐ฏ
โ๏ธุชุตููุฑ ุงูุถุฑูุจู ูุงูุฒูุงู
โ๏ธุชุนุฏูู ุฑุณูู ูู ูฆูฅูุงูููงูฅู
โ๏ธุชุฎููุถ ุงููุฎุงููุงุช ุงููุฑูุฑูุฉ 
โ๏ธุจูุงุบ ูุฑูุจ ุงูุงูู ููุชููุง
โ๏ธุงูุบุงุก ูุฑูุจ 
โ๏ธุชุฌุฏูุฏ ุงูุงูู
โ๏ธุชุญููู ูู ูููู ุงูู ูุฑุฏู
โ๏ธ ุชุตููุฑ ุงููุฎุงููุงุช ุงููุฑูุฑูุฉ
โ๏ธ๐๐ููุงุญ ูุงุฑููููู
*๐ฅููุฌูุฏ ุงูุฌุฑุนุฉ ุงูููู ูุซุงููุฉ*
https://t.co/93mDFITlsa https://t.co/Z03CsTcFM1",,negative,MUS,Muscat,Oman,Gulf
1.4473045045552783e+18,2021-12-01 22:44:28+00:00,,1.4661763999207424e+18,"๐ฏ ูุณุชูุจู ุงูุงู๐ฏ
โ๏ธุชุตููุฑ ุงูุถุฑูุจู ูุงูุฒูุงู
โ๏ธุชุนุฏูู ุฑุณูู ูู ูฆูฅูุงูููงูฅู
โ๏ธุชุฎููุถ ุงููุฎุงููุงุช ุงููุฑูุฑูุฉ 
โ๏ธุจูุงุบ ูุฑูุจ ุงูุงูู ููุชููุง
โ๏ธุงูุบุงุก ูุฑูุจ 
โ๏ธุชุฌุฏูุฏ ุงูุงูู
โ๏ธุชุญููู ูู ูููู ุงูู ูุฑุฏู
โ๏ธ ุชุตููุฑ ุงููุฎุงููุงุช ุงููุฑูุฑูุฉ
โ๏ธ๐๐ููุงุญ ูุงุฑููู
*๐ฅููุฌูุฏ ุงูุฌุฑุนุฉ ุงูููู ูุซุงููุฉู
https://t.co/93mDFITlsa https://t.co/4RbybPxd79",,negative,MUS,Muscat,Oman,Gulf
1.4473045045552783e+18,2021-12-01 22:44:06+00:00,,1.466176308178735e+18,"๐ฏ ูุณุชูุจู ุงูุงู๐ฏ
โ๏ธุชุตููุฑ ุงูุถุฑูุจู ูุงูุฒูุงู
โ๏ธุชุนุฏูู ุฑุณูู ูู ูฆูฅูุงูููงูฅู
โ๏ธุชุฎููุถ ุงููุฎุงููุงุช ุงููุฑูุฑูุฉ 
โ๏ธุจูุงุบ ูุฑูุจ ุงูุงูู ููุชููุง
โ๏ธุงูุบุงุก ูุฑูุจ 
โ๏ธุชุฌุฏูุฏ ุงูุงูู
โ๏ธุชุญููู ูู ูููู ุงูู ูุฑุฏู
โ๏ธ ุชุตููุฑ ุงููุฎุงููุงุช ุงููุฑูุฑูุฉ
โ๏ธ๐๐ููุงุญ ูุงุฑููู
*๐ฅููุฌูุฏ ุงูุฌุฑุนุฉ ุงูููู ูุซุงููุฉ***
https://t.co/93mDFITlsa https://t.co/mbXZxkPwIM",,negative,MUS,Muscat,Oman,Gulf
1.4473045045552783e+18,2021-12-01 22:43:41+00:00,,1.4661762026961838e+18,"๐ฏ ูุณุชูุจู ุงูุงู๐ฏ
โ๏ธุชุตููุฑ ุงูุถุฑูุจู ูุงูุฒูุงู
โ๏ธุชุนุฏูู ุฑุณูู ูู ูฆูฅูุงูููงูฅู
โ๏ธุชุฎููุถ ุงููุฎุงููุงุช ุงููุฑูุฑูุฉ 
โ๏ธุจูุงุบ ูุฑูุจ ุงูุงูู ููุชููุง
โ๏ธุงูุบุงุก ูุฑูุจ 
โ๏ธุชุฌุฏูุฏ ุงูุงูู
โ๏ธุชุญููู ูู ูููู ุงูู ูุฑุฏู
โ๏ธ ุชุตููุฑ ุงููุฎุงููุงุช ุงููุฑูุฑูุฉ
โ๏ธ๐๐ููุงุญ ูุงุฑููู
*๐ฅููุฌูุฏ ุงูุฌุฑุนุฉ ุงูููู ูุซุงููุฉ**ู
https://t.co/93mDFITlsa https://t.co/eKAMYmkHod",,negative,MUS,Muscat,Oman,Gulf
1.4473045045552783e+18,2021-12-01 22:42:57+00:00,,1.466176015747666e+18,"๐ฏ ูุณุชูุจู ุงูุงู๐ฏ
โ๏ธุชุตููุฑ ุงูุถุฑูุจู ูุงูุฒูุงู
โ๏ธุชุนุฏูู ุฑุณูู ูู ูฆูฅูุงูููงูฅู
โ๏ธุชุฎููุถ ุงููุฎุงููุงุช ุงููุฑูุฑูุฉ 
โ๏ธุจูุงุบ ูุฑูุจ ุงูุงูู ููุชููุง
โ๏ธุงูุบุงุก ูุฑูุจ 
โ๏ธุชุฌุฏูุฏ ุงูุงูู
โ๏ธุชุญููู ูู ูููู ุงูู ูุฑุฏู
โ๏ธ ุชุตููุฑ ุงููุฎุงููุงุช ุงููุฑูุฑูุฉ
โ๏ธ๐๐ููุงุญ ูุงุฑููููู
*๐ฅููุฌูุฏ ุงูุฌุฑุนุฉ ุงูููู ูุซุงููุฉ*
https://t.co/93mDFITlsa https://t.co/5hvPBZXsfh",,negative,MUS,Muscat,Oman,Gulf
1.4473045045552783e+18,2021-12-01 22:42:25+00:00,,1.4661758825114624e+18,"๐ฏ ูุณุชูุจู ุงูุงู๐ฏ
โ๏ธุชุตููุฑ ุงูุถุฑูุจู ูุงูุฒูุงู
โ๏ธุชุนุฏูู ุฑุณูู ูู ูฆูฅูุงูููงูฅู
โ๏ธุชุฎููุถ ุงููุฎุงููุงุช ุงููุฑูุฑูุฉ 
โ๏ธุจูุงุบ ูุฑูุจ ุงูุงูู ููุชููุง
โ๏ธุงูุบุงุก ูุฑูุจ 
โ๏ธุชุฌุฏูุฏ ุงูุงูู
โ๏ธุชุญููู ูู ูููู ุงูู ูุฑุฏู
โ๏ธ ุชุตููุฑ ุงููุฎุงููุงุช ุงููุฑูุฑูุฉ
โ๏ธ๐๐ููุงุญ ูุงุฑููู
*ูู๐ฅููุฌูุฏ ุงูุฌุฑุนุฉ ุงูููู ูุซุงููุฉ*
https://t.co/93mDFITlsa https://t.co/GozvF1nKRf",,negative,MUS,Muscat,Oman,Gulf
1.4473045045552783e+18,2021-12-01 22:41:56+00:00,,1.4661757609773056e+18,"๐ฏ ูุณุชูุจู ุงูุงู๐ฏ
โ๏ธุชุตููุฑ ุงูุถุฑูุจู ูุงูุฒูุงู
โ๏ธุชุนุฏูู ุฑุณูู ูู ูฆูฅูุงูููงูฅู
โ๏ธุชุฎููุถ ุงููุฎุงููุงุช ุงููุฑูุฑูุฉ 
โ๏ธุจูุงุบ ูุฑูุจ ุงูุงูู ููุชููุง
โ๏ธุงูุบุงุก ูุฑูุจ 
โ๏ธุชุฌุฏูุฏ ุงูุงูู
โ๏ธุชุญููู ูู ูููู ุงูู ูุฑุฏู
โ๏ธ ุชุตููุฑ ุงููุฎุงููุงุช ุงููุฑูุฑูุฉ
โ๏ธ๐๐ููุงุญ ูุงุฑููู
*๐ฅููุฌูุฏ ุงูุฌุฑุนุฉ ุงูููู ูุซุงููุฉ*ูุูุ
https://t.co/93mDFITlsa https://t.co/BHJNHlNZC9",,negative,MUS,Muscat,Oman,Gulf
1.4473045045552783e+18,2021-12-01 22:41:21+00:00,,1.4661756155901501e+18,"๐ฏ ูุณุชูุจู ุงูุงู๐ฏ
โ๏ธุชุตููุฑ ุงูุถุฑูุจู ูุงูุฒูุงู
โ๏ธุชุนุฏูู ุฑุณูู ูู ูฆูฅูุงูููงูฅู
โ๏ธุชุฎููุถ ุงููุฎุงููุงุช ุงููุฑูุฑูุฉ 
โ๏ธุจูุงุบ ูุฑูุจ ุงูุงูู ููุชููุง
โ๏ธุงูุบุงุก ูุฑูุจ 
โ๏ธุชุฌุฏูุฏ ุงูุงูู
โ๏ธุชุญููู ูู ูููู ุงูู ูุฑุฏู
โ๏ธ ุชุตููุฑ ุงููุฎุงููุงุช ุงููุฑูุฑูุฉ
โ๏ธ๐๐ููุงุญ ูุงุฑููู
*๐ฅููุฌูุฏ ุงูุฌุฑุนุฉ ุงูููู ูุซุงููุฉ*ูู
https://t.co/93mDFITlsa https://t.co/Rx1H2QBtBf",,negative,MUS,Muscat,Oman,Gulf
1.4654122322762834e+18,2021-12-01 23:06:38+00:00,,1.4661819790203494e+18,@oamaz7 ูุงูููู ุงููุดูู ูุทุฑ ุชุทุนูู ุงูุทุงูุจุงู ูุงู ุณุนูุฏ ูุทุนูููู ุฏุงุนูุด ุงูููุงุจู ูุชูููุฑู ุงูุตููููู ููู ูู ุงูุงุฑูุงุจู ูููู ุงููุณ ุงู ููุดุงุฑ ูู ุงูุงุฑูุงุจููู,,negative,TUN,Tunis,Tunisia,Maghreb
922863278.0,2021-12-01 23:00:16+00:00,,1.46618037514795e+18,"@TheUKAr ุนุฏุฏ ุณูุงู ุงูุนุงูู ุชูุฑูุจุงู ูจ ูููุงุฑ
ููุงุญ ูุงูุฒุฑ ุงูุฌุฑุนุฉ ูขู ุฏููุงุฑ ูุนูู ุชูุฑูุจุงู ูงูฅ ุฑูุงู !
ูุทุงูุจูู ููุง ุฌุฑุนุฉ ุซุงูุซุฉ
ููุฒุงููุฉ ููููุฉ",,negative,BAS,Basra,Iraq,Iraq
